invoice,invoice_date,DATE,item_type,item,AMOUNT,HOURS_UNITS,SUBTOTAL,DISCOUNT,TOTAL
1215008,2015-12-11,2016-01-24,ROOM,ATRIUM,225.00,  2.00,450.00,  0.00,450.00
1215008,2015-12-11,2016-01-24,SERVICE,SETUP_RESET, 50.00,  2.00,100.00,  0.00,100.00
1215008,2015-12-11,2016-01-24,SERVICE,STAFFING, 40.00,  4.00,160.00,  0.00,160.00
1215008,2015-12-11,2016-01-24,SERVICE,JANITORIAL,200.00,  1.00,200.00,  0.00,200.00
1215008,2015-12-11,2016-01-24,SERVICE,A/V, 40.00,  3.50,140.00,  0.00,140.00
1215008,2015-12-11,2016-01-24,SERVICE,COMPOSTABLES, 67.00,  1.00, 67.00,  0.00, 67.00
1215007,2015-12-11,2015-12-21,ROOM,ATRIUM,110.00,  3.50,385.00,  0.00,385.00
1215007,2015-12-11,2015-12-21,SERVICE,SETUP_RESET, 75.00,  2.00,150.00,  0.00,150.00
1215007,2015-12-11,2015-12-21,SERVICE,STAFFING, 40.00,  5.50,220.00,  0.00,220.00
1215007,2015-12-11,2015-12-21,SERVICE,JANITORIAL,200.00,  1.00,200.00,  0.00,200.00
1215005,2015-12-11,2015-12-14,ROOM,BROADWAY,180.00,  3.50,630.00,  0.00,  0.00
1215005,2015-12-11,2015-12-14,SERVICE,SETUP_RESET, 75.00,  2.00,150.00,  0.00,150.00
1215005,2015-12-11,2015-12-14,SERVICE,STAFFING, 40.00,  5.50,220.00,  0.00,220.00
1215005,2015-12-11,2015-12-14,SERVICE,JANITORIAL,250.00,  1.00,250.00,  0.00,250.00
1215005,2015-12-11,2015-12-14,SERVICE,A/V, 40.00,  5.00,200.00,  0.00,200.00
1115006,2015-12-11,2015-12-17,ROOM,BROADWAY,225.00,  3.00,675.00,  0.60,270.00
1115006,2015-12-11,2015-12-17,ROOM,ATRIUM,150.00,  3.00,450.00,  0.60,180.00
1115006,2015-12-11,2015-12-17,ROOM,JINGLETOWN,115.00,  3.00,345.00,  0.50,172.50
1115006,2015-12-11,2015-12-17,ROOM,OMI, 85.00,  3.00,255.00,  0.50,127.50
1115006,2015-12-11,2015-12-17,ROOM,UPTOWN, 65.00,  3.00,195.00,  0.50, 97.50
1115006,2015-12-11,2015-12-17,SERVICE,SETUP_RESET, 75.00,  3.50,262.50,  0.00,262.50
1115006,2015-12-11,2015-12-17,SERVICE,STAFFING, 40.00,  6.50,260.00,  0.00,260.00
1115006,2015-12-11,2015-12-17,SERVICE,JANITORIAL,500.00,  1.00,500.00,  0.50,250.00
1115006,2015-12-11,2015-12-17,SERVICE,A/V, 40.00,  5.50,220.00,  0.00,220.00
1215004,2015-12-10,2016-01-10,ROOM,BROADWAY,255.00,  9.00,2295.00,  0.40,1377.00
1215004,2015-12-10,2016-01-10,SERVICE,SETUP_RESET, 75.00,  2.00,150.00,  0.00,150.00
1215004,2015-12-10,2016-01-10,SERVICE,STAFFING, 35.00, 11.00,385.00,  0.00,385.00
1215004,2015-12-10,2016-01-10,SERVICE,JANITORIAL,200.00,  1.00,200.00,  0.00,200.00
1215001,2015-12-08,2016-02-04,ROOM,BROADWAY,225.00,  2.50,562.50,  0.50,281.25
1215001,2015-12-08,2016-02-04,SERVICE,SETUP_RESET, 50.00,  2.25,112.50,  0.00,112.50
1215001,2015-12-08,2016-02-04,SERVICE,STAFFING, 35.00,  4.75,166.25,  0.00,166.25
1215001,2015-12-08,2016-02-04,SERVICE,JANITORIAL,250.00,  1.00,250.00,  0.00,250.00
1215001,2015-12-08,2016-02-04,SERVICE,A/V, 40.00,  4.25,170.00,  0.00,170.00
1115012,2015-12-08,2016-11-17,ROOM,BROADWAY,295.00,  2.50,737.50,  0.00,737.50
1115012,2015-12-08,2016-11-17,SERVICE,SETUP_RESET, 75.00,  2.00,150.00,  1.00,  0.00
1115012,2015-12-08,2016-11-17,SERVICE,STAFFING, 40.00,  4.50,180.00,  0.00,180.00
1115012,2015-12-08,2016-11-17,SERVICE,JANITORIAL,135.00,  1.00,135.00,  0.00,135.00
1115012,2015-12-08,2016-11-17,SERVICE,COMPOSTABLES, 20.00,  1.00, 20.00,  0.00, 20.00
1115012,2015-12-08,2016-11-17,OTHER,Catering,928.69,  1.00,928.69,  0.00,928.69
815010,2015-12-02,2015-09-23,OTHER,Cancellation Fee 50% of invoice #815010,566.56,  1.00,566.56,  0.00,566.56
815006,2015-12-02,2015-10-24,ROOM,ATRIUM,140.00,  7.00,980.00,  0.15,833.00
815006,2015-12-02,2015-10-24,SERVICE,SETUP_RESET, 50.00,  2.00,100.00,  0.00,100.00
815006,2015-12-02,2015-10-24,SERVICE,STAFFING, 35.00,  9.00,315.00,  0.00,315.00
815006,2015-12-02,2015-10-24,SERVICE,JANITORIAL,200.00,  1.00,200.00,  0.00,200.00
715011,2015-12-02,2015-09-17,ROOM,BROADWAY,295.00,  3.00,885.00,  0.00,885.00
715011,2015-12-02,2015-09-17,SERVICE,SETUP_RESET, 50.00,  2.00,100.00,  0.00,100.00
715011,2015-12-02,2015-09-17,SERVICE,STAFFING, 35.00,  5.00,175.00,  0.00,175.00
715011,2015-12-02,2015-09-17,SERVICE,JANITORIAL,250.00,  1.00,250.00,  0.00,250.00
1215003,2015-12-02,2016-01-20,ROOM,BROADWAY,180.00,  3.00,540.00,  1.00,  0.00
1215003,2015-12-02,2016-01-20,SERVICE,SETUP_RESET, 75.00,  2.00,150.00,  0.90, 15.00
1215003,2015-12-02,2016-01-20,SERVICE,STAFFING, 40.00,  5.00,200.00,  0.00,200.00
1215003,2015-12-02,2016-01-20,SERVICE,JANITORIAL,150.00,  1.00,150.00,  0.00,150.00
1215003,2015-12-02,2016-01-20,SERVICE,A/V, 30.00,  4.50,135.00,  0.00,135.00
1215002,2015-12-02,2015-12-15,ROOM,BROADWAY,295.00,  3.00,885.00,  0.00,885.00
1215002,2015-12-02,2015-12-15,SERVICE,SETUP_RESET, 75.00,  2.00,150.00,  0.00,150.00
1215002,2015-12-02,2015-12-15,SERVICE,STAFFING, 40.00,  5.00,200.00,  0.00,200.00
1215002,2015-12-02,2015-12-15,SERVICE,JANITORIAL,250.00,  1.00,250.00,  0.00,250.00
1215002,2015-12-02,2015-12-15,SERVICE,A/V, 40.00,  5.00,200.00,  0.00,200.00
1115013,2015-12-02,2015-12-12,ROOM,BROADWAY,315.00,  5.00,1575.00,  0.00,1575.00
1115013,2015-12-02,2015-12-12,ROOM,ATRIUM,255.00,  5.00,1275.00,  0.50,637.50
1115013,2015-12-02,2015-12-12,SERVICE,SETUP_RESET, 75.00,  3.50,262.50,  0.00,262.50
1115013,2015-12-02,2015-12-12,SERVICE,STAFFING, 40.00,  8.50,340.00,  0.00,340.00
1115013,2015-12-02,2015-12-12,SERVICE,JANITORIAL,350.00,  1.00,350.00,  0.00,350.00
1115013,2015-12-02,2015-12-12,SERVICE,A/V, 40.00,  6.00,240.00,  0.00,240.00
1115007,2015-12-02,2015-12-02,ROOM,BROADWAY,225.00,  3.00,675.00,  0.00,675.00
1115007,2015-12-02,2015-12-02,SERVICE,SETUP_RESET, 75.00,  2.00,150.00,  0.00,150.00
1115007,2015-12-02,2015-12-02,SERVICE,STAFFING, 40.00,  5.00,200.00,  0.00,200.00
1115007,2015-12-02,2015-12-02,SERVICE,JANITORIAL,250.00,  1.00,250.00,  0.00,250.00
1115007,2015-12-02,2015-12-02,SERVICE,COMPOSTABLES,  7.53,  1.00,  7.53,  0.00,  7.53
1115007,2015-12-02,2015-12-02,OTHER,Tea Service, 25.00,  1.00, 25.00,  0.00, 25.00
1015002,2015-12-02,2015-12-06,ROOM,BROADWAY,210.00,  3.00,630.00,  0.00,630.00
1015002,2015-12-02,2015-12-06,ROOM,JINGLETOWN,105.00,  3.00,315.00,  1.00,  0.00
1015002,2015-12-02,2015-12-06,ROOM,EAST_OAK, 45.00,  3.00,135.00,  1.00,  0.00
1015002,2015-12-02,2015-12-06,SERVICE,SETUP_RESET, 75.00,  5.00,375.00,  1.00,  0.00
1015002,2015-12-02,2015-12-06,SERVICE,STAFFING, 40.00,  8.00,320.00,  0.00,320.00
1015002,2015-12-02,2015-12-06,SERVICE,JANITORIAL,300.00,  1.00,300.00,  1.00,  0.00
1015002,2015-12-02,2015-12-06,SERVICE,A/V, 40.00,  2.00, 80.00,  0.00, 80.00
1015002,2015-12-02,2015-12-06,SERVICE,COMPOSTABLES,102.46,  1.00,102.46,  0.00,102.46
1015002,2015-12-02,2015-12-06,OTHER,Breezeway,  0.00,,  0.00,  1.00,  0.00
1115019,2015-11-25,2016-02-28,ROOM,BROADWAY,255.00,  3.00,765.00,  0.00,765.00
1115019,2015-11-25,2016-02-28,SERVICE,SETUP_RESET, 75.00,  2.00,150.00,  0.00,150.00
1115019,2015-11-25,2016-02-28,SERVICE,STAFFING, 40.00,  5.00,200.00,  0.00,200.00
1115019,2015-11-25,2016-02-28,SERVICE,JANITORIAL,250.00,  1.00,250.00,  0.00,250.00
1115018,2015-11-25,2016-06-09,ROOM,BROADWAY,225.00,  3.00,675.00,  0.00,675.00
1115018,2015-11-25,2016-06-09,SERVICE,SETUP_RESET, 75.00,  2.00,150.00,  0.00,150.00
1115018,2015-11-25,2016-06-09,SERVICE,STAFFING, 35.00,  5.00,175.00,  0.00,175.00
1115018,2015-11-25,2016-06-09,SERVICE,JANITORIAL,250.00,  1.00,250.00,  0.00,250.00
1115018,2015-11-25,2016-06-09,SERVICE,A/V, 40.00,  5.00,200.00,  0.00,200.00
1115017,2015-11-25,2016-03-24,ROOM,BROADWAY,180.00,  2.50,450.00,  0.10,405.00
1115017,2015-11-25,2016-03-24,SERVICE,SETUP_RESET, 50.00,  2.00,100.00,  0.00,100.00
1115017,2015-11-25,2016-03-24,SERVICE,STAFFING, 40.00,  4.50,180.00,  0.00,180.00
1115017,2015-11-25,2016-03-24,SERVICE,JANITORIAL,200.00,  1.00,200.00,  0.00,200.00
1115016,2015-11-25,2016-02-25,ROOM,BROADWAY,180.00,  2.50,450.00,  0.10,405.00
1115016,2015-11-25,2016-02-25,SERVICE,SETUP_RESET, 50.00,  2.00,100.00,  0.00,100.00
1115016,2015-11-25,2016-02-25,SERVICE,STAFFING, 40.00,  4.50,180.00,  0.00,180.00
1115016,2015-11-25,2016-02-25,SERVICE,JANITORIAL,200.00,  1.00,200.00,  0.00,200.00
1115015,2015-11-25,2016-01-28,ROOM,BROADWAY,180.00,  2.50,450.00,  0.10,405.00
1115015,2015-11-25,2016-01-28,SERVICE,SETUP_RESET, 50.00,  2.00,100.00,  0.00,100.00
1115015,2015-11-25,2016-01-28,SERVICE,STAFFING, 40.00,  4.50,180.00,  0.00,180.00
1115015,2015-11-25,2016-01-28,SERVICE,JANITORIAL,200.00,  1.00,200.00,  0.00,200.00
1115014,2015-11-23,2016-03-05,ROOM,BROADWAY,255.00,  2.50,637.50,  0.00,637.50
1115014,2015-11-23,2016-03-05,SERVICE,SETUP_RESET, 75.00,  2.50,187.50,  0.00,187.50
1115014,2015-11-23,2016-03-05,SERVICE,STAFFING, 40.00,  5.00,200.00,  0.00,200.00
1115014,2015-11-23,2016-03-05,SERVICE,JANITORIAL,250.00,  1.00,250.00,  0.00,250.00
1115011,2015-11-18,2016-01-02,ROOM,ATRIUM,180.00,  3.00,540.00,  0.00,540.00
1115011,2015-11-18,2016-01-02,SERVICE,SETUP_RESET, 75.00,  2.00,150.00,  0.00,150.00
1115011,2015-11-18,2016-01-02,SERVICE,STAFFING, 40.00,  5.00,200.00,  0.00,200.00
1115011,2015-11-18,2016-01-02,SERVICE,JANITORIAL,200.00,  1.00,200.00,  0.00,200.00
1115010,2015-11-18,2016-07-22,ROOM,BROADWAY,210.00,  5.50,1155.00,  0.50,577.50
1115010,2015-11-18,2016-07-22,SERVICE,SETUP_RESET, 50.00,  2.00,100.00,  0.00,100.00
1115010,2015-11-18,2016-07-22,SERVICE,STAFFING, 30.00,  5.50,165.00,  0.00,165.00
1115010,2015-11-18,2016-07-22,SERVICE,JANITORIAL,150.00,  1.00,150.00,  0.00,150.00
1115002,2015-11-18,2015-11-21,ROOM,BROADWAY,210.00,  3.00,630.00,  0.00,630.00
1115002,2015-11-18,2015-11-21,SERVICE,SETUP_RESET, 50.00,  2.50,125.00,  0.00,125.00
1115002,2015-11-18,2015-11-21,SERVICE,STAFFING, 40.00,  5.50,220.00,  0.00,220.00
1115002,2015-11-18,2015-11-21,SERVICE,JANITORIAL,200.00,  1.00,200.00,  0.00,200.00
915003,2015-11-17,2015-11-18,ROOM,ATRIUM,110.00,  2.00,220.00,  0.20,176.00
915003,2015-11-17,2015-11-18,SERVICE,SETUP_RESET, 75.00,  2.00,150.00,  0.20,120.00
915003,2015-11-17,2015-11-18,SERVICE,STAFFING, 40.00,  4.00,160.00,  0.00,160.00
915003,2015-11-17,2015-11-18,SERVICE,JANITORIAL,250.00,  1.00,250.00,  0.00,250.00
915003,2015-11-17,2015-11-18,SERVICE,COMPOSTABLES, 68.41,  1.00, 68.41,  0.00, 68.41
1115009,2015-11-13,2016-03-19,ROOM,BROADWAY,255.00,  8.00,2040.00,  0.00,2040.00
1115009,2015-11-13,2016-03-19,ROOM,ATRIUM,180.00,  8.00,1440.00,  0.50,720.00
1115009,2015-11-13,2016-03-19,ROOM,JINGLETOWN,145.00,  8.00,1160.00,  0.50,580.00
1115009,2015-11-13,2016-03-19,ROOM,OMI, 85.00,  8.00,680.00,  0.50,340.00
1115009,2015-11-13,2016-03-19,ROOM,MERIDIAN, 70.00,  8.00,560.00,  0.50,280.00
1115009,2015-11-13,2016-03-19,ROOM,DOWNTOWN, 45.00,  8.00,360.00,  0.50,180.00
1115009,2015-11-13,2016-03-19,SERVICE,SETUP_RESET, 75.00,  3.50,262.50,  0.00,262.50
1115009,2015-11-13,2016-03-19,SERVICE,STAFFING, 40.00, 11.50,460.00,  0.00,460.00
1115009,2015-11-13,2016-03-19,SERVICE,JANITORIAL,250.00,  1.00,250.00,  0.00,250.00
1115008,2015-11-13,2017-04-29,ROOM,BROADWAY,315.00,  4.50,1417.50,  0.00,1417.50
1115008,2015-11-13,2017-04-29,ROOM,ATRIUM,225.00,  4.50,1012.50,  0.50,506.25
1115008,2015-11-13,2017-04-29,ROOM,OMI,145.00,  4.50,652.50,  0.50,326.25
1115008,2015-11-13,2017-04-29,SERVICE,SETUP_RESET, 75.00,  3.50,262.50,  0.00,262.50
1115008,2015-11-13,2017-04-29,SERVICE,STAFFING, 35.00,  8.00,280.00,  0.00,280.00
1115008,2015-11-13,2017-04-29,SERVICE,JANITORIAL,200.00,  1.00,200.00,  0.00,200.00
1115008,2015-11-13,2017-04-29,SERVICE,A/V, 40.00,  6.50,260.00,  0.00,260.00
815003,2015-11-11,2015-11-07,ROOM,BROADWAY,255.00,  4.00,1020.00,  0.00,1020.00
815003,2015-11-11,2015-11-07,ROOM,JINGLETOWN,105.00,  4.00,420.00,  1.00,  0.00
815003,2015-11-11,2015-11-07,SERVICE,SETUP_RESET, 50.00,  7.50,375.00,  0.00,175.00
815003,2015-11-11,2015-11-07,SERVICE,STAFFING, 25.00, 11.00,275.00,  0.00,175.00
815003,2015-11-11,2015-11-07,SERVICE,STAFFING, 30.00,  7.50,225.00,  0.00,262.50
815003,2015-11-11,2015-11-07,SERVICE,JANITORIAL,250.00,  1.00,250.00,  0.00,250.00
815003,2015-11-11,2015-11-07,OTHER,Stage Extension,500.00,  1.00,500.00,  0.00,500.00
715002,2015-11-11,2015-11-12,ROOM,BROADWAY,295.00,  3.50,1032.50,  0.30,722.75
715002,2015-11-11,2015-11-12,ROOM,ATRIUM,195.00,  3.50,682.50,  0.50,341.25
715002,2015-11-11,2015-11-12,ROOM,UPTOWN, 65.00, 10.00,650.00,  0.50,325.00
715002,2015-11-11,2015-11-12,SERVICE,SETUP_RESET, 50.00,  3.00,150.00,  0.00,150.00
715002,2015-11-11,2015-11-12,SERVICE,STAFFING, 40.00,  6.50,260.00,  0.00,260.00
715002,2015-11-11,2015-11-12,SERVICE,JANITORIAL,300.00,  1.00,300.00,  0.00,300.00
715002,2015-11-11,2015-11-12,SERVICE,A/V, 40.00,  6.00,240.00,  0.00,240.00
715001,2015-11-11,2015-11-13,ROOM,BROADWAY,210.00,  4.00,840.00,  0.15,714.00
715001,2015-11-11,2015-11-13,ROOM,ATRIUM,140.00,  4.00,560.00,  0.15,476.00
715001,2015-11-11,2015-11-13,SERVICE,SETUP_RESET, 75.00,  3.00,225.00,  0.00,225.00
715001,2015-11-11,2015-11-13,SERVICE,STAFFING, 40.00,  7.00,280.00,  0.00,280.00
715001,2015-11-11,2015-11-13,SERVICE,JANITORIAL,400.00,  1.00,400.00,  0.00,400.00
715001,2015-11-11,2015-11-13,SERVICE,A/V, 40.00,  1.00, 40.00,  0.00, 40.00
1115003,2015-11-11,2015-11-08,ROOM,BROADWAY,210.00, 10.50,2205.00,  0.59,904.05
1115003,2015-11-11,2015-11-08,SERVICE,STAFFING, 20.00,  7.50,150.00,  0.00,150.00
1115003,2015-11-11,2015-11-08,SERVICE,A/V, 30.00,  3.00, 90.00,  0.00, 90.00
1115003,2015-11-11,2015-11-08,SERVICE,DRINKS, 50.00,  1.00, 50.00,  0.00, 50.00
1115003,2015-11-11,2015-11-08,SERVICE,COMPOSTABLES, 15.05,  1.00, 15.05,  0.00, 15.05
1115005,2015-11-10,2015-11-20,ROOM,BROADWAY,315.00,  2.00,630.00,  1.00,  0.00
1115005,2015-11-10,2015-11-20,SERVICE,SETUP_RESET, 75.00,  2.50,187.50,  0.40,112.50
1115005,2015-11-10,2015-11-20,SERVICE,STAFFING, 40.00,  4.50,180.00,  0.00,180.00
1115005,2015-11-10,2015-11-20,SERVICE,JANITORIAL,250.00,  1.00,250.00,  0.00,250.00
1115005,2015-11-10,2015-11-20,SERVICE,A/V, 40.00,  4.00,160.00,  0.00,160.00
1115004,2015-11-10,2011-12-07,ROOM,JINGLETOWN, 75.00,  2.50,187.50,  0.00,187.50
1115004,2015-11-10,2011-12-07,ROOM,MERIDIAN, 45.00,  1.00, 45.00,  0.50, 22.50
1115004,2015-11-10,2011-12-07,SERVICE,SETUP_RESET, 50.00,  2.00,100.00,  0.00,100.00
1115004,2015-11-10,2011-12-07,SERVICE,STAFFING, 35.00,  4.50,157.50,  0.00,157.50
1115004,2015-11-10,2011-12-07,SERVICE,JANITORIAL, 75.00,  1.00, 75.00,  0.00, 75.00
815001,2015-11-06,2015-11-19,ROOM,BROADWAY,180.00,  2.50,450.00,  0.00,450.00
815001,2015-11-06,2015-11-19,SERVICE,SETUP_RESET, 50.00,  2.00,100.00,  0.00,100.00
815001,2015-11-06,2015-11-19,SERVICE,STAFFING, 40.00,  4.50,180.00,  0.00,180.00
815001,2015-11-06,2015-11-19,SERVICE,JANITORIAL,250.00,  1.00,250.00,  0.00,250.00
815001,2015-11-06,2015-11-19,SERVICE,COMPOSTABLES,100.23,  1.00,100.23,  0.00,100.23
715012,2015-11-06,2015-11-15,ROOM,BROADWAY,315.00,  5.00,1575.00,  0.35,1023.75
715012,2015-11-06,2015-11-15,ROOM,ATRIUM,225.00,  5.00,1125.00,  0.50,562.50
715012,2015-11-06,2015-11-15,ROOM,OMI,115.00,  5.00,575.00,  1.00,  0.00
715012,2015-11-06,2015-11-15,SERVICE,SETUP_RESET, 75.00,  4.00,300.00,  0.00,300.00
715012,2015-11-06,2015-11-15,SERVICE,STAFFING, 30.00,  9.00,270.00,  0.00,255.00
715012,2015-11-06,2015-11-15,SERVICE,JANITORIAL,300.00,  1.00,300.00,  0.00,300.00
715012,2015-11-06,2015-11-15,SERVICE,A/V, 40.00,  8.00,320.00,  0.00,300.00
1115001,2015-10-29,2015-12-13,ROOM,BROADWAY,255.00,  4.00,1020.00,  0.15,867.00
1115001,2015-10-29,2015-12-13,ROOM,ATRIUM,180.00,  4.00,720.00,  0.50,360.00
1115001,2015-10-29,2015-12-13,SERVICE,SETUP_RESET, 75.00,  3.00,225.00,  0.00,225.00
1115001,2015-10-29,2015-12-13,SERVICE,STAFFING, 35.00,  6.00,210.00,  0.00,210.00
1115001,2015-10-29,2015-12-13,SERVICE,JANITORIAL,300.00,  1.00,300.00,  0.00,300.00
1115001,2015-10-29,2015-12-13,SERVICE,A/V, 40.00,  3.00,120.00,  0.00,120.00
1015014,2015-10-29,2015-11-04,SERVICE,A/V, 40.00,  5.50,220.00,  0.00,220.00
915014,2015-10-28,2016-01-29,ROOM,BROADWAY,210.00,  2.00,420.00,  0.00,420.00
915014,2015-10-28,2016-01-29,ROOM,ATRIUM,140.00,  2.00,280.00,  0.50,140.00
915014,2015-10-28,2016-01-29,SERVICE,SETUP_RESET, 50.00,  3.00,150.00,  0.00,150.00
915014,2015-10-28,2016-01-29,SERVICE,STAFFING, 35.00,  5.00,175.00,  0.00,175.00
915014,2015-10-28,2016-01-29,SERVICE,JANITORIAL,300.00,  1.00,300.00,  0.00,300.00
915014,2015-10-28,2016-01-29,SERVICE,A/V, 40.00,  4.00,160.00,  0.00,160.00
815004,2015-10-28,2015-09-26,ROOM,BROADWAY,255.00,  8.00,2040.00,  0.20,1632.00
815004,2015-10-28,2015-09-26,SERVICE,SETUP_RESET, 75.00,  2.00,150.00,  1.00,  0.00
815004,2015-10-28,2015-09-26,SERVICE,STAFFING, 30.00,  8.00,240.00,  0.00,240.00
815004,2015-10-28,2015-09-26,SERVICE,JANITORIAL,150.00,  1.00,150.00,  0.33,100.00
1015007,2015-10-28,2015-02-25,ROOM,BROADWAY,295.00,  3.00,885.00,  0.00,885.00
1015007,2015-10-28,2015-02-25,SERVICE,SETUP_RESET, 75.00,  3.00,225.00,  0.00,225.00
1015007,2015-10-28,2015-02-25,SERVICE,STAFFING, 40.00,  6.00,240.00,  0.00,240.00
1015007,2015-10-28,2015-02-25,SERVICE,JANITORIAL,200.00,  1.00,200.00,  0.00,200.00
1015007,2015-10-28,2015-02-25,SERVICE,SETUP_RESET,295.00,  1.00,295.00,  0.00,295.00
1015013,2015-10-27,2015-12-03,ROOM,BROADWAY,295.00,  1.50,442.50,  0.00,442.50
1015013,2015-10-27,2015-12-03,ROOM,ATRIUM,195.00,  1.50,292.50,  0.50,146.25
1015013,2015-10-27,2015-12-03,SERVICE,SETUP_RESET, 75.00,  2.50,187.50,  0.00,187.50
1015013,2015-10-27,2015-12-03,SERVICE,STAFFING, 40.00,  4.00,160.00,  0.00,160.00
1015013,2015-10-27,2015-12-03,SERVICE,JANITORIAL,200.00,  1.00,200.00,  0.00,200.00
1015012,2015-10-27,2016-05-14,ROOM,BROADWAY,210.00,  6.00,1260.00,  0.33,844.20
1015012,2015-10-27,2016-05-14,ROOM,ATRIUM,140.00,  6.00,840.00,  1.00,  0.00
1015012,2015-10-27,2016-05-14,ROOM,JINGLETOWN,105.00,  6.00,630.00,  1.00,  0.00
1015012,2015-10-27,2016-05-14,ROOM,OMI, 90.00,  4.00,360.00,  1.00,  0.00
1015012,2015-10-27,2016-05-14,SERVICE,STAFFING, 35.00,  9.50,332.50,  0.00,332.50
1015012,2015-10-27,2016-05-14,SERVICE,SETUP_RESET, 75.00,  2.00,150.00,  0.00,150.00
1015012,2015-10-27,2016-05-14,SERVICE,JANITORIAL,253.30,  1.00,253.30,  0.00,253.30
1015012,2015-10-27,2016-05-14,SERVICE,A/V, 40.00,  3.00,120.00,  0.00,120.00
1015011,2015-10-27,2015-12-10,ROOM,BROADWAY,295.00,  4.50,1327.50,  0.15,1128.38
1015011,2015-10-27,2015-12-10,SERVICE,SETUP_RESET, 75.00,  2.50,187.50,  0.00,187.50
1015011,2015-10-27,2015-12-10,SERVICE,STAFFING, 35.00,  7.00,245.00,  0.00,245.00
1015011,2015-10-27,2015-12-10,SERVICE,JANITORIAL,200.00,  1.00,200.00,  0.00,200.00
1015011,2015-10-27,2015-12-10,SERVICE,A/V, 40.00,  5.50,220.00,  0.00,220.00
1015004,2015-10-26,2016-02-20,ROOM,BROADWAY,255.00,  4.00,1020.00,  0.00,1020.00
1015004,2015-10-26,2016-02-20,ROOM,JINGLETOWN,145.00,  4.00,580.00,  0.50,290.00
1015004,2015-10-26,2016-02-20,SERVICE,SETUP_RESET, 75.00,  2.50,187.50,  0.00,187.50
1015004,2015-10-26,2016-02-20,SERVICE,STAFFING, 40.00,  6.50,260.00,  0.00,260.00
1015004,2015-10-26,2016-02-20,SERVICE,JANITORIAL,200.00,  1.00,200.00,  0.00,200.00
1015004,2015-10-26,2016-02-20,SERVICE,A/V, 40.00,  6.00,240.00,  0.00,240.00
1015010,2015-10-23,11/4-11/6/15,ROOM,BROADWAY,180.00,  9.00,1620.00,  0.55,729.00
1015010,2015-10-23,11/4-11/6/15,SERVICE,SETUP_RESET, 50.00,  7.50,375.00,  0.00,375.00
1015010,2015-10-23,11/4-11/6/15,SERVICE,STAFFING, 40.00, 16.50,660.00,  0.00,660.00
1015010,2015-10-23,11/4-11/6/15,SERVICE,JANITORIAL,150.00,  1.00,150.00,  0.00,150.00
1015010,2015-10-23,11/4-11/6/15,SERVICE,A/V, 40.00, 15.00,600.00,  0.00,600.00
915006,2015-10-19,2015-10-21,ROOM,BROADWAY,150.00,  2.00,300.00,  0.00,300.00
915006,2015-10-19,2015-10-21,SERVICE,SETUP_RESET, 75.00,  1.50,112.50,  0.00,112.50
915006,2015-10-19,2015-10-21,SERVICE,STAFFING, 40.00,  4.00,160.00,  0.00,160.00
915006,2015-10-19,2015-10-21,SERVICE,JANITORIAL,250.00,  1.00,250.00,  0.00,250.00
915006,2015-10-19,2015-10-21,SERVICE,COMPOSTABLES, 66.55,  1.00, 66.55,  0.00, 66.55
1015006,2015-10-19,2015-02-25,ROOM,BROADWAY,295.00,  3.00,885.00,  0.43,504.45
1015006,2015-10-19,2015-02-25,SERVICE,SETUP_RESET, 75.00,  2.50,187.50,  1.00,  0.00
1015006,2015-10-19,2015-02-25,SERVICE,STAFFING, 40.00,  5.50,220.00,  0.00,220.00
1015006,2015-10-19,2015-02-25,SERVICE,JANITORIAL,200.00,  1.00,200.00,  1.00,  0.00
1015006,2015-10-19,2015-02-25,SERVICE,A/V, 40.00,  4.50,180.00,  0.00,180.00
1015001,2015-10-19,2015-10-26,ROOM,BROADWAY,295.00,  2.00,590.00,  0.00,590.00
1015001,2015-10-19,2015-10-26,SERVICE,SETUP_RESET, 50.00,  2.00,100.00,  0.00,100.00
1015001,2015-10-19,2015-10-26,SERVICE,STAFFING, 35.00,  4.00,140.00,  0.00,140.00
1015001,2015-10-19,2015-10-26,SERVICE,JANITORIAL,200.00,  1.00,200.00,  0.00,200.00
1015001,2015-10-19,2015-10-26,SERVICE,A/V, 40.00,  3.50,140.00,  0.00,140.00
1015001,2015-10-19,2015-10-26,SERVICE,COMPOSTABLES, 52.68,  1.00, 52.68,  0.00, 52.68
1015001,2015-10-19,2015-10-26,OTHER,Supplemental Marketing, 15.00,  1.00, 15.00,  0.00, 15.00
1015009,2015-10-15,2015-12-08,ROOM,ATRIUM,110.00,  2.00,220.00,  0.00,220.00
1015009,2015-10-15,2015-12-08,SERVICE,SETUP_RESET, 50.00,  2.00,100.00,  0.00,100.00
1015009,2015-10-15,2015-12-08,SERVICE,STAFFING, 40.00,  4.00,160.00,  0.00,160.00
1015009,2015-10-15,2015-12-08,SERVICE,JANITORIAL,150.00,  1.00,150.00,  0.00,150.00
1015009,2015-10-15,2015-12-08,SERVICE,A/V, 40.00,  4.00,160.00,  0.00,160.00
1015008,2015-10-15,2015-11-16,ROOM,BROADWAY,180.00,  2.00,360.00,  0.15,306.00
1015008,2015-10-15,2015-11-16,SERVICE,SETUP_RESET, 75.00,  2.00,150.00,  0.00,150.00
1015008,2015-10-15,2015-11-16,SERVICE,STAFFING, 40.00,  4.00,160.00,  0.00,160.00
1015008,2015-10-15,2015-11-16,SERVICE,JANITORIAL,200.00,  1.00,200.00,  0.00,200.00
1015005,2015-10-15,2015-12-09,ROOM,BROADWAY,180.00,  2.50,450.00,  0.10,405.00
1015005,2015-10-15,2015-12-09,SERVICE,SETUP_RESET, 50.00,  2.00,100.00,  0.00,100.00
1015005,2015-10-15,2015-12-09,SERVICE,STAFFING, 40.00,  4.50,180.00,  0.00,180.00
1015005,2015-10-15,2015-12-09,SERVICE,JANITORIAL,200.00,  1.00,200.00,  0.00,200.00
1015005,2015-10-15,2015-12-09,SERVICE,A/V, 40.00,  2.00, 80.00,  0.00, 80.00
815005,2015-10-12,2015-11-01,ROOM,BROADWAY,315.00,  3.00,945.00,  0.00,945.00
815005,2015-10-12,2015-11-01,SERVICE,SETUP_RESET, 75.00,  2.00,150.00,  0.00,150.00
815005,2015-10-12,2015-11-01,SERVICE,STAFFING, 40.00,  5.00,200.00,  0.00,200.00
815005,2015-10-12,2015-11-01,SERVICE,JANITORIAL,250.00,  1.00,250.00,  0.00,250.00
815005,2015-10-12,2015-11-01,SERVICE,A/V, 40.00,  5.00,200.00,  0.00,200.00
815005,2015-10-12,2015-11-01,SERVICE,COMPOSTABLES,270.00,  1.00,270.00,  0.00,270.00
1015003,2015-10-12,2015-10-17,ROOM,OMI, 85.00,  3.50,297.50,  0.00,297.50
1015003,2015-10-12,2015-10-17,SERVICE,STAFFING, 30.00,  3.50,105.00,  0.00,105.00
1015003,2015-10-12,2015-10-17,SERVICE,JANITORIAL, 70.00,  1.00, 70.00,  0.00, 70.00
815002,2015-10-05,2015-10-15,ROOM,BROADWAY,295.00,  3.00,885.00,  0.00,885.00
815002,2015-10-05,2015-10-15,ROOM,DOWNTOWN, 95.00,  2.00,190.00,  1.00,  0.00
815002,2015-10-05,2015-10-15,ROOM,EAST_OAK, 65.00,  5.50,357.50,  0.75,268.12
815002,2015-10-05,2015-10-15,SERVICE,SETUP_RESET, 75.00,  2.50,187.50,  0.25,140.62
815002,2015-10-05,2015-10-15,SERVICE,STAFFING, 40.00,  5.50,220.00,  0.00,220.00
815002,2015-10-05,2015-10-15,SERVICE,JANITORIAL,450.00,  1.00,450.00,  0.00,450.00
815002,2015-10-05,2015-10-15,SERVICE,A/V, 40.00,  5.00,200.00,  0.00,200.00
615005,2015-10-05,2015-10-16,ROOM,BROADWAY,255.00,  3.00,765.00,  0.00,765.00
615005,2015-10-05,2015-10-16,SERVICE,SETUP_RESET, 75.00,  2.50,187.50,  0.00,187.50
615005,2015-10-05,2015-10-16,SERVICE,STAFFING, 40.00,  5.50,220.00,  0.00,220.00
615005,2015-10-05,2015-10-16,SERVICE,JANITORIAL,350.00,  1.00,350.00,  0.00,350.00
615005,2015-10-05,2015-10-16,SERVICE,A/V, 40.00,  6.50,260.00,  0.00,260.00
915010,2015-10-01,2015-10-03,ROOM,BROADWAY,255.00,  3.00,765.00,  0.60,306.00
915010,2015-10-01,2015-10-03,ROOM,ATRIUM,180.00,  3.00,540.00,  0.60,216.00
915010,2015-10-01,2015-10-03,ROOM,OMI, 85.00,  3.00,255.00,  0.60,102.00
915010,2015-10-01,2015-10-03,SERVICE,SETUP_RESET, 75.00,  2.50,187.50,  0.00,187.50
915010,2015-10-01,2015-10-03,SERVICE,STAFFING, 40.00,  5.50,220.00,  0.00,220.00
915010,2015-10-01,2015-10-03,SERVICE,JANITORIAL,250.00,  1.00,250.00,  0.00,250.00
915015,2015-09-30,2016-05-12,ROOM,BROADWAY,225.00,  2.50,562.50,  0.10,506.25
915015,2015-09-30,2016-05-12,ROOM,ATRIUM,150.00,  2.50,375.00,  0.10,337.50
915015,2015-09-30,2016-05-12,ROOM,JINGLETOWN,115.00,  2.50,287.50,  0.10,258.75
915015,2015-09-30,2016-05-12,ROOM,OMI, 85.00,  2.50,212.50,  0.10,191.25
915015,2015-09-30,2016-05-12,SERVICE,SETUP_RESET, 75.00,  4.00,300.00,  0.00,300.00
915015,2015-09-30,2016-05-12,SERVICE,STAFFING, 40.00,  6.50,260.00,  0.00,260.00
915015,2015-09-30,2016-05-12,SERVICE,JANITORIAL,500.00,  1.00,500.00,  0.00,500.00
915015,2015-09-30,2016-05-12,SERVICE,A/V, 40.00,  6.00,240.00,  0.00, 40.00
915013,2015-09-28,2015-09-30,ROOM,BROADWAY,180.00,  3.50,630.00,  0.00,630.00
915013,2015-09-28,2015-09-30,SERVICE,SETUP_RESET, 50.00,  2.00,100.00,  0.00,100.00
915013,2015-09-28,2015-09-30,SERVICE,STAFFING, 20.00,  5.50,110.00,  0.00,110.00
915013,2015-09-28,2015-09-30,SERVICE,STAFFING, 15.00,  3.00, 45.00,  0.00, 45.00
915013,2015-09-28,2015-09-30,SERVICE,JANITORIAL,130.00,  1.00,130.00,  0.00,130.00
915013,2015-09-28,2015-09-30,SERVICE,A/V, 30.00,  4.50,135.00,  0.00,135.00
915013,2015-09-28,2015-09-30,SERVICE,COMPOSTABLES, 66.82,  1.00, 66.82,  0.00, 66.82
915011,2015-09-24,2015-10-22,ROOM,BROADWAY,315.00,  2.50,787.50,615.00,172.50
915011,2015-09-24,2015-10-22,SERVICE,SETUP_RESET, 75.00,  2.50,187.50,  1.00,  0.00
915011,2015-09-24,2015-10-22,SERVICE,STAFFING, 40.00,  5.00,200.00,  0.00,200.00
915011,2015-09-24,2015-10-22,SERVICE,JANITORIAL,250.00,  1.00,250.00,  0.00,250.00
915011,2015-09-24,2015-10-22,SERVICE,A/V, 40.00,  4.50,180.00,  0.00,180.00
815007,2015-09-22,2015-10-04,ROOM,BROADWAY,315.00,  3.50,1102.50,  0.00,1102.50
815007,2015-09-22,2015-10-04,ROOM,ATRIUM,225.00,  3.50,787.50,  0.50,393.75
815007,2015-09-22,2015-10-04,SERVICE,SETUP_RESET, 65.00,  6.00,390.00,  0.00,390.00
815007,2015-09-22,2015-10-04,SERVICE,STAFFING, 40.00,  9.50,380.00,  0.00,380.00
815007,2015-09-22,2015-10-04,SERVICE,JANITORIAL,250.00,  1.00,250.00,  0.00,250.00
815007,2015-09-22,2015-10-04,SERVICE,A/V, 40.00,  5.50,220.00,  0.00,220.00
915009,2015-09-18,2015-11-21,ROOM,BROADWAY,210.00,  7.50,1575.00,  1.00,  0.00
915009,2015-09-18,2015-11-21,SERVICE,SETUP_RESET, 50.00,  2.00,100.00,  1.00,  0.00
915009,2015-09-18,2015-11-21,SERVICE,STAFFING, 35.00,  9.50,332.50,  0.00,332.50
915009,2015-09-18,2015-11-21,SERVICE,JANITORIAL,200.00,  1.00,200.00,  0.00,200.00
915009,2015-09-18,2015-11-21,SERVICE,A/V, 40.00,  4.00,160.00,  0.00,160.00
415007,2015-09-16,2015-09-25,ROOM,BROADWAY,295.00,  3.00,885.00,  0.15,752.25
415007,2015-09-16,2015-09-25,ROOM,ATRIUM,180.00,  3.00,540.00,  0.15,459.00
415007,2015-09-16,2015-09-25,SERVICE,SETUP_RESET, 50.00,  4.00,200.00,  0.00,200.00
415007,2015-09-16,2015-09-25,SERVICE,STAFFING, 40.00,  7.00,280.00,  0.00,280.00
415007,2015-09-16,2015-09-25,SERVICE,JANITORIAL,350.00,  1.00,350.00,  0.00,350.00
415007,2015-09-16,2015-09-25,SERVICE,A/V, 40.00,  5.00,200.00,  0.00,200.00
415007,2015-09-16,2015-09-25,OTHER,Early Closing Fee, 75.00,  1.00, 75.00,  0.00, 75.00
915008,2015-09-15,2015-10-28,ROOM,BROADWAY,187.00,  2.00,374.00,  0.00,374.00
915008,2015-09-15,2015-10-28,SERVICE,SETUP_RESET, 50.00,  2.00,100.00,  0.00,100.00
915008,2015-09-15,2015-10-28,SERVICE,STAFFING, 40.00,  4.00,160.00,  0.00,160.00
915008,2015-09-15,2015-10-28,SERVICE,JANITORIAL,200.00,  1.00,200.00,  0.00,200.00
915007,2015-09-14,2015-10-07,ROOM,BROADWAY,225.00,  1.50,337.50,  0.00,337.50
915007,2015-09-14,2015-10-07,SERVICE,SETUP_RESET, 50.00,  1.50, 75.00,  0.00, 75.00
915007,2015-09-14,2015-10-07,SERVICE,STAFFING, 35.00,  3.00,105.00,  0.00,105.00
915007,2015-09-14,2015-10-07,SERVICE,JANITORIAL,250.00,  1.00,250.00,  0.00,250.00
915012,2015-09-11,2015-10-06,ROOM,JINGLETOWN,115.00,  3.00,345.00,  0.00,345.00
915012,2015-09-11,2015-10-06,SERVICE,SETUP_RESET, 50.00,  2.00,100.00,  0.00,100.00
915012,2015-09-11,2015-10-06,SERVICE,STAFFING, 35.00,  5.00,175.00,  0.00,175.00
915012,2015-09-11,2015-10-06,SERVICE,JANITORIAL,200.00,  1.00,200.00,  0.00,200.00
915005,2015-09-09,2015-09-29,ROOM,BROADWAY,180.00,  2.50,450.00,  0.10,405.00
915005,2015-09-09,2015-09-29,SERVICE,SETUP_RESET, 50.00,  2.00,100.00,  0.00,100.00
915005,2015-09-09,2015-09-29,SERVICE,STAFFING, 40.00,  4.50,180.00,  0.00,180.00
915005,2015-09-09,2015-09-29,SERVICE,JANITORIAL,200.00,  1.00,200.00,  0.00,200.00
815018,2015-09-04,2015-08-16,OTHER,Location Fee/Film Crew,250.00,  1.00,250.00,  0.00,250.00
815017,2015-09-04,2015-08-07,OTHER,Location Fee/Film Crew,250.00,  1.00,250.00,  0.00,250.00
615001,2015-09-04,2015-10-23,ROOM,BROADWAY,315.00,  4.50,1417.50,  0.00,1417.50
615001,2015-09-04,2015-10-23,ROOM,JINGLETOWN,180.00,  4.50,810.00,  0.35,526.50
615001,2015-09-04,2015-10-23,ROOM,OMI,145.00,  4.50,652.50,  0.35,424.12
615001,2015-09-04,2015-10-23,SERVICE,SETUP_RESET, 75.00,  2.50,187.50,  0.00,187.50
615001,2015-09-04,2015-10-23,SERVICE,STAFFING, 40.00,  7.00,280.00,  0.00,280.00
615001,2015-09-04,2015-10-23,SERVICE,JANITORIAL,300.00,  1.00,300.00,  0.00,300.00
615001,2015-09-04,2015-10-23,SERVICE,A/V, 30.00,  6.50,195.00,  0.00,195.00
915004,2015-09-03,2016-04-02,ROOM,BROADWAY,315.00,  4.50,1417.50,  0.00,1417.50
915004,2015-09-03,2016-04-02,ROOM,ATRIUM,225.00,  4.50,1012.50,  0.25,759.38
915004,2015-09-03,2016-04-02,ROOM,JINGLETOWN,180.00,  4.50,810.00,  0.25,607.50
915004,2015-09-03,2016-04-02,ROOM,EAST_OAK, 65.00,  5.50,357.50,  0.25,268.12
915004,2015-09-03,2016-04-02,SERVICE,STAFFING,100.00,  2.00,200.00,  0.00,200.00
915004,2015-09-03,2016-04-02,SERVICE,SETUP_RESET, 75.00,  5.00,375.00,  0.00,375.00
915004,2015-09-03,2016-04-02,SERVICE,STAFFING, 40.00,  9.50,380.00,  0.00,380.00
915004,2015-09-03,2016-04-02,SERVICE,JANITORIAL,350.00,  1.00,350.00,  0.00,350.00
915004,2015-09-03,2016-04-02,SERVICE,A/V, 40.00,  9.00,360.00,  0.00,360.00
915002,2015-09-03,2015-10-01,ROOM,ATRIUM,150.00,  2.00,300.00,  0.00,300.00
915002,2015-09-03,2015-10-01,SERVICE,SETUP_RESET, 75.00,  2.00,150.00,  0.00,150.00
915002,2015-09-03,2015-10-01,SERVICE,STAFFING, 35.00,  4.00,140.00,  0.00,140.00
915002,2015-09-03,2015-10-01,SERVICE,JANITORIAL,200.00,  1.00,200.00,  0.00,200.00
915001,2015-09-02,2015-03-12,ROOM,BROADWAY,315.00,  4.00,1260.00,  0.00,1260.00
915001,2015-09-02,2015-03-12,SERVICE,SETUP_RESET, 50.00,  3.00,150.00,  0.00,150.00
915001,2015-09-02,2015-03-12,SERVICE,STAFFING, 40.00,  7.00,280.00,  0.00,280.00
915001,2015-09-02,2015-03-12,SERVICE,JANITORIAL,250.00,  1.00,250.00,  0.00,250.00
815016,2015-08-31,2015-09-15,ROOM,BROADWAY,225.00,  2.00,450.00,  0.00,450.00
815016,2015-08-31,2015-09-15,ROOM,ATRIUM,150.00,  2.00,300.00,  0.50,150.00
815016,2015-08-31,2015-09-15,SERVICE,SETUP_RESET, 75.00,  2.50,187.50,  0.00,187.50
815016,2015-08-31,2015-09-15,SERVICE,STAFFING, 35.00,  4.50,157.50,  0.00,157.50
815016,2015-08-31,2015-09-15,SERVICE,JANITORIAL,250.00,  1.00,250.00,  0.00,250.00
815016,2015-08-31,2015-09-15,SERVICE,A/V, 40.00,  4.00,160.00,  0.00,160.00
815015,2015-08-28,9/15/15-11/22/15,ROOM,OMI, 60.00, 86.00,5160.00,-2910.00,2250.00
815014,2015-08-25,2015-03-26,ROOM,BROADWAY,210.00,  5.00,1050.00,  0.15,892.50
815014,2015-08-25,2015-03-26,SERVICE,SETUP_RESET, 75.00,  2.00,150.00,  0.00,150.00
815014,2015-08-25,2015-03-26,SERVICE,STAFFING, 30.00,  7.00,210.00,  0.00,210.00
815014,2015-08-25,2015-03-26,SERVICE,JANITORIAL,250.00,  1.00,250.00,  0.00,250.00
815014,2015-08-25,2015-03-26,SERVICE,A/V, 40.00,  6.50,260.00,  0.00,260.00
815013,2015-08-24,2015-08-29,ROOM,BROADWAY,315.00,  3.00,945.00,  0.00,945.00
815013,2015-08-24,2015-08-29,SERVICE,SETUP_RESET, 75.00,  2.50,187.50,  0.00,187.50
815013,2015-08-24,2015-08-29,SERVICE,STAFFING, 40.00,  5.50,220.00,  0.00,220.00
815013,2015-08-24,2015-08-29,SERVICE,JANITORIAL,250.00,  1.00,250.00,  0.00,250.00
815012,2015-08-21,2015-08-28,ROOM,BROADWAY,255.00,  3.00,765.00,  0.00,765.00
815012,2015-08-21,2015-08-28,SERVICE,SETUP_RESET,100.00,  2.50,250.00,  0.00,250.00
815012,2015-08-21,2015-08-28,SERVICE,STAFFING, 40.00,  5.50,220.00,  0.00,220.00
815012,2015-08-21,2015-08-28,SERVICE,JANITORIAL,250.00,  1.00,250.00,  0.00,250.00
815012,2015-08-21,2015-08-28,SERVICE,COMPOSTABLES, 62.28,  1.00, 62.28,  0.00, 62.28
815011,2015-08-21,2015-08-22,ROOM,BROADWAY,255.00,  2.50,637.50,  0.00,637.50
815011,2015-08-21,2015-08-22,SERVICE,SETUP_RESET, 50.00,  2.50,125.00,  0.00,125.00
815011,2015-08-21,2015-08-22,SERVICE,STAFFING, 40.00,  5.00,200.00,  0.00,200.00
815011,2015-08-21,2015-08-22,SERVICE,JANITORIAL,200.00,  1.00,200.00,  0.00,200.00
415002,2015-08-21,2015-08-15,ROOM,BROADWAY,315.00,  8.00,2520.00,  0.35,1638.00
415002,2015-08-21,2015-08-15,ROOM,ATRIUM,225.00,  8.00,1800.00,  0.35,1170.00
415002,2015-08-21,2015-08-15,SERVICE,SETUP_RESET, 75.00,  4.00,300.00,  0.00,300.00
415002,2015-08-21,2015-08-15,SERVICE,STAFFING, 35.00,  8.00,280.00,  0.00,280.00
415002,2015-08-21,2015-08-15,SERVICE,JANITORIAL,500.00,  1.00,500.00,  0.00,500.00
415002,2015-08-21,2015-08-15,SERVICE,A/V, 40.00,  8.50,340.00,  0.00,340.00
415002,2015-08-21,2015-08-15,SERVICE,DRINKS, 50.00,  1.00, 50.00,  0.00, 50.00
415002,2015-08-21,2015-08-15,SERVICE,COMPOSTABLES, 22.58,  1.00, 22.58,  0.00, 22.58
815009,2015-08-18,2015-08-18,ROOM,OMI,115.00,  3.00,345.00,  1.00,  0.00
815009,2015-08-18,2015-08-18,SERVICE,JANITORIAL, 30.00,  1.00, 30.00,  0.00, 30.00
815009,2015-08-18,2015-08-18,OTHER,Administrative service, 30.00,  1.00, 30.00,  0.00, 30.00
815008,2015-08-18,2015-09-03,ROOM,BROADWAY,295.00,  2.00,590.00,  0.00,590.00
815008,2015-08-18,2015-09-03,SERVICE,SETUP_RESET, 75.00,  2.00,150.00,  0.00,150.00
815008,2015-08-18,2015-09-03,SERVICE,STAFFING, 40.00,  4.00,160.00,  0.00,160.00
815008,2015-08-18,2015-09-03,SERVICE,JANITORIAL,250.00,  1.00,250.00,  0.00,250.00
715008,2015-08-07,2015-08-11,ROOM,BROADWAY,150.00,  2.00,300.00,  0.00,300.00
715008,2015-08-07,2015-08-11,SERVICE,SETUP_RESET, 50.00,  2.00,100.00,  0.00,100.00
715008,2015-08-07,2015-08-11,SERVICE,STAFFING, 35.00,  4.00,140.00,  0.00,140.00
715008,2015-08-07,2015-08-11,SERVICE,JANITORIAL,150.00,  1.00,150.00,  0.00,150.00
715008,2015-08-07,2015-08-11,SERVICE,COMPOSTABLES, 15.05,  1.00, 15.05,  0.00, 15.05
515005,2015-08-06,2015-06-03,ROOM,ATRIUM,150.00,  2.00,300.00,  0.00,300.00
515005,2015-08-06,2015-06-03,SERVICE,SETUP_RESET, 75.00,  2.00,150.00,  0.00,150.00
515005,2015-08-06,2015-06-03,SERVICE,STAFFING, 40.00,  4.00,160.00,  0.00,160.00
515005,2015-08-06,2015-06-03,SERVICE,JANITORIAL,250.00,  1.00,250.00,  0.00,250.00
715013,2015-08-04,2015-08-08,ROOM,BROADWAY,315.00,  3.00,945.00,  0.00,945.00
715013,2015-08-04,2015-08-08,SERVICE,SETUP_RESET, 75.00,  4.50,337.50,  0.00,337.50
715013,2015-08-04,2015-08-08,SERVICE,STAFFING, 30.00,  7.50,225.00,  0.00,225.00
715013,2015-08-04,2015-08-08,SERVICE,JANITORIAL,200.00,  1.00,200.00,  0.00,200.00
715014,2015-07-31,2015-11-20,ROOM,ATRIUM,140.00,  4.50,630.00,  0.55,283.50
715014,2015-07-31,2015-11-20,SERVICE,SETUP_RESET, 75.00,  2.50,187.50,  0.00,187.50
715014,2015-07-31,2015-11-20,SERVICE,STAFFING, 40.00,  7.00,280.00,  0.00,280.00
715014,2015-07-31,2015-11-20,SERVICE,JANITORIAL,150.00,  1.00,150.00,  0.00,150.00
715014,2015-07-31,2015-11-20,SERVICE,A/V, 40.00,  2.00, 80.00,  0.00, 80.00
715003,2015-07-28,2015-08-14,ROOM,BROADWAY,255.00,  4.00,1020.00,  1.00,  0.00
715003,2015-07-28,2015-08-14,SERVICE,SETUP_RESET, 75.00,  2.50,187.50,  1.00,  0.00
715003,2015-07-28,2015-08-14,SERVICE,STAFFING, 50.00,  6.50,325.00,  0.00,325.00
715003,2015-07-28,2015-08-14,SERVICE,JANITORIAL,250.00,  1.00,250.00,  0.00,250.00
715003,2015-07-28,2015-08-14,SERVICE,A/V, 40.00,  6.00,240.00,  0.00,240.00
715010,2015-07-24,2015-09-16,ROOM,BROADWAY,295.00,  3.00,885.00,  0.00,885.00
715010,2015-07-24,2015-09-16,SERVICE,SETUP_RESET, 50.00,  2.00,100.00,  0.00,100.00
715010,2015-07-24,2015-09-16,SERVICE,STAFFING, 35.00,  5.00,175.00,  0.00,175.00
715010,2015-07-24,2015-09-16,SERVICE,JANITORIAL,250.00,  1.00,250.00,  0.00,250.00
715010,2015-07-24,2015-09-16,SERVICE,A/V, 40.00,  5.00,200.00,  0.00,200.00
715004,2015-07-24,2015-07-27,ROOM,OMI,115.00,  2.00,230.00,  0.35,149.50
715004,2015-07-24,2015-07-27,SERVICE,SETUP_RESET, 50.00,  1.00, 50.00,  1.00,  0.00
715004,2015-07-24,2015-07-27,SERVICE,STAFFING, 35.00,  3.00,105.00,  0.00,105.00
715004,2015-07-24,2015-07-27,SERVICE,JANITORIAL,100.00,  1.00,100.00,  0.00,100.00
715009,2015-07-22,2015-08-12,ROOM,BROADWAY,180.00,  2.50,450.00,  0.00,450.00
715009,2015-07-22,2015-08-12,ROOM,ATRIUM,110.00,  2.50,275.00,  0.50,137.50
715009,2015-07-22,2015-08-12,SERVICE,SETUP_RESET, 75.00,  2.00,150.00,  0.00,150.00
715009,2015-07-22,2015-08-12,SERVICE,STAFFING, 40.00,  4.50,180.00,  0.00,180.00
715009,2015-07-22,2015-08-12,SERVICE,JANITORIAL,350.00,  1.00,350.00,  0.00,350.00
715009,2015-07-22,2015-08-12,SERVICE,A/V, 40.00,  4.00,160.00,  0.00,160.00
715007,2015-07-21,2011-08-13,ROOM,BROADWAY,180.00,  3.00,540.00,  1.00,  0.00
715007,2015-07-21,2011-08-13,SERVICE,SETUP_RESET, 75.00,  3.00,225.00,  1.00,  0.00
715007,2015-07-21,2011-08-13,SERVICE,STAFFING, 40.00,  5.50,220.00,  0.00,220.00
715007,2015-07-21,2011-08-13,SERVICE,JANITORIAL,250.00,  1.00,250.00,  0.00,250.00
715007,2015-07-21,2011-08-13,SERVICE,A/V, 30.00,  5.00,150.00,  0.00,150.00
715006,2015-07-20,2011-09-18,ROOM,BROADWAY,255.00,  5.00,1275.00,  0.25,956.25
715006,2015-07-20,2011-09-18,SERVICE,SETUP_RESET, 50.00,  2.50,125.00,  0.00,125.00
715006,2015-07-20,2011-09-18,SERVICE,STAFFING, 35.00,  7.50,262.50,  0.00,262.50
715006,2015-07-20,2011-09-18,SERVICE,JANITORIAL,250.00,  1.00,250.00,  0.00,250.00
715006,2015-07-20,2011-09-18,SERVICE,A/V, 40.00,  7.00,280.00,  0.00,280.00
715005,2015-07-17,2011-07-18,ROOM,BROADWAY,210.00,  3.00,630.00,  0.67,207.90
715005,2015-07-17,2011-07-18,SERVICE,SETUP_RESET, 50.00,  4.00,200.00,  1.00,  0.00
715005,2015-07-17,2011-07-18,SERVICE,JANITORIAL,250.00,  1.00,250.00,  1.00,  0.00
715005,2015-07-17,2011-07-18,SERVICE,A/V, 40.00,  5.00,200.00,  0.00,200.00
615006,2015-06-30,2015-07-10,SERVICE,SETUP_RESET, 50.00,  3.00,150.00,  0.00,150.00
615006,2015-06-30,2015-07-10,SERVICE,STAFFING, 35.00,  3.00,105.00,  0.00,105.00
615006,2015-06-30,2015-07-10,SERVICE,JANITORIAL,135.00,  1.00,135.00,  0.00,135.00
615006,2015-06-30,2015-07-10,SERVICE,A/V, 40.00,  3.00,120.00,  0.00,120.00
615006,2015-06-30,2015-07-10,OTHER,Lucky Goldfish,180.00, 10.00,1800.00,  0.30,1260.00
615004,2015-06-26,2015-06-21,SERVICE,STAFFING, 40.00,  2.00, 80.00,  0.00, 80.00
615004,2015-06-26,2015-06-21,SERVICE,A/V, 40.00,  2.00, 80.00,  0.00, 80.00
415008,2015-06-26,2015-07-13,ROOM,BROADWAY,295.00,  2.00,590.00,  0.00,590.00
415008,2015-06-26,2015-07-13,ROOM,EAST_OAK, 35.00,  4.50,157.50,  0.00,157.50
415008,2015-06-26,2015-07-13,SERVICE,SETUP_RESET, 75.00,  2.00,150.00,  0.00,150.00
415008,2015-06-26,2015-07-13,SERVICE,STAFFING, 40.00,  4.50,180.00,  0.00,180.00
415008,2015-06-26,2015-07-13,SERVICE,JANITORIAL,300.00,  1.00,300.00,  0.00,300.00
415008,2015-06-26,2015-07-13,SERVICE,A/V, 40.00,  4.00,160.00,  0.00,160.00
115012,2015-06-22,2015-06-27,ROOM,BROADWAY,255.00,  8.00,2040.00,  0.25,1530.00
115012,2015-06-22,2015-06-27,SERVICE,SETUP_RESET, 50.00,  1.00, 50.00,  0.00, 50.00
115012,2015-06-22,2015-06-27,SERVICE,STAFFING, 30.00,  9.00,270.00,  0.00,270.00
115012,2015-06-22,2015-06-27,SERVICE,JANITORIAL, 90.00,  1.00, 90.00,  0.00, 90.00
115012,2015-06-22,2015-06-27,SERVICE,DRINKS, 12.00,  4.00, 48.00,  0.00, 48.00
215011,2015-06-16,2015-06-13,SERVICE,A/V, 40.00,  3.00,120.00,  0.00,120.00
615002,2015-06-08,2015-06-07,ROOM,BROADWAY,210.00,  9.50,1995.00,  0.75,498.75
615002,2015-06-08,2015-06-07,ROOM,ATRIUM,140.00,  1.00,140.00,  1.00,  0.00
615002,2015-06-08,2015-06-07,ROOM,JINGLETOWN,105.00,  1.00,105.00,  1.00,  0.00
615002,2015-06-08,2015-06-07,ROOM,UPTOWN, 70.00,  1.00, 70.00,  1.00,  0.00
615002,2015-06-08,2015-06-07,SERVICE,SETUP_RESET, 75.00,  2.75,206.25,  1.00,  0.00
615002,2015-06-08,2015-06-07,SERVICE,STAFFING, 40.00, 10.25,410.00,  0.50,205.00
615002,2015-06-08,2015-06-07,SERVICE,JANITORIAL,200.00,  1.00,200.00,  0.50,100.00
615003,2015-06-03,2015-06-23,ROOM,BROADWAY,180.00,  3.00,540.00,  0.00,540.00
615003,2015-06-03,2015-06-23,SERVICE,SETUP_RESET, 75.00,  2.00,150.00,  0.00,150.00
615003,2015-06-03,2015-06-23,SERVICE,STAFFING, 40.00,  5.00,200.00,  0.00,200.00
615003,2015-06-03,2015-06-23,SERVICE,JANITORIAL,250.00,  1.00,250.00,  0.00,250.00
415006,2015-06-03,2015-06-04,SERVICE,COMPOSTABLES, 35.36,  1.00, 35.36,  0.00, 35.36
515006,2015-05-26,2015-05-29,ROOM,BROADWAY,255.00,  2.50,637.50,  0.10,573.75
515006,2015-05-26,2015-05-29,SERVICE,SETUP_RESET, 75.00,  2.00,150.00,  0.00,150.00
515006,2015-05-26,2015-05-29,SERVICE,STAFFING, 30.00,  4.50,135.00,  0.00,135.00
515006,2015-05-26,2015-05-29,SERVICE,JANITORIAL,300.00,  1.00,300.00,  0.00,300.00
415005,2015-05-22,2015-04-25,ROOM,UPTOWN, 90.00,  4.00,360.00,  0.10,324.00
415005,2015-05-22,2015-04-25,SERVICE,JANITORIAL,100.00,  1.00,100.00,  0.00,100.00
415004,2015-05-22,2015-04-11,ROOM,UPTOWN, 70.00,  6.50,455.00,  0.20,364.00
415004,2015-05-22,2015-04-11,SERVICE,JANITORIAL,100.00,  1.00,100.00,  0.00,100.00
115013,2015-05-21,2015-05-30,ROOM,OMI,115.00,  2.50,287.50,  0.00,115.00
115013,2015-05-21,2015-05-30,SERVICE,SETUP_RESET, 75.00,  2.50,187.50,  0.00,187.50
115013,2015-05-21,2015-05-30,SERVICE,STAFFING, 40.00,  5.00,200.00,  0.00,200.00
115013,2015-05-21,2015-05-30,SERVICE,JANITORIAL,300.00,  1.00,300.00,  0.00,300.00
515004,2015-05-19,2015-05-23,ROOM,BROADWAY,210.00,  6.00,1260.00,  0.33,844.20
515004,2015-05-19,2015-05-23,ROOM,ATRIUM,140.00,  6.00,840.00,  1.00,  0.00
515004,2015-05-19,2015-05-23,ROOM,JINGLETOWN,105.00,  6.00,630.00,  1.00,  0.00
515004,2015-05-19,2015-05-23,ROOM,OMI, 90.00,  4.00,360.00,  1.00,  0.00
515004,2015-05-19,2015-05-23,SERVICE,STAFFING, 35.00,  9.50,332.50,  0.00,332.50
515004,2015-05-19,2015-05-23,SERVICE,SETUP_RESET, 75.00,  2.00,150.00,  0.00,150.00
515004,2015-05-19,2015-05-23,SERVICE,JANITORIAL,253.30,  1.00,253.30,  0.00,253.30
515004,2015-05-19,2015-05-23,SERVICE,A/V, 40.00,  3.00,120.00,  0.00,120.00
415018,2015-05-18,2015-05-21,ROOM,BROADWAY,295.00,  2.50,737.50,  0.00,737.50
415018,2015-05-18,2015-05-21,SERVICE,SETUP_RESET, 50.00,  2.00,100.00,  0.00,100.00
415018,2015-05-18,2015-05-21,SERVICE,STAFFING, 40.00,  4.50,180.00,  0.00,180.00
415018,2015-05-18,2015-05-21,SERVICE,JANITORIAL,300.00,  1.00,300.00,  0.00,300.00
415018,2015-05-18,2015-05-21,SERVICE,A/V, 40.00,  4.00,160.00,  0.00,160.00
512003,2015-05-12,2015-06-09,ROOM,ATRIUM,195.00,  3.00,585.00,  0.15,497.25
512003,2015-05-12,2015-06-09,ROOM,OMI,115.00,  3.00,345.00,  0.15,293.25
512003,2015-05-12,2015-06-09,SERVICE,SETUP_RESET, 75.00,  2.00,150.00,  0.00,150.00
512003,2015-05-12,2015-06-09,SERVICE,STAFFING, 40.00,  5.00,200.00,  0.00,200.00
512003,2015-05-12,2015-06-09,SERVICE,JANITORIAL,250.00,  1.00,250.00,  0.00,250.00
415013,2015-05-12,2015-04-15,ROOM,DOWNTOWN, 45.00,  4.00,180.00,  1.00,  0.00
415001,2015-05-12,2015-06-18,OTHER,Cancellation Fee, 50.00,  1.00, 50.00,  0.00, 50.00
215015,2015-05-07,2015-04-24,SERVICE,COMPOSTABLES, 15.05,, 15.00,  0.00, 15.00
415017,2015-05-06,2015-05-09,ROOM,BROADWAY,225.00,  2.00,450.00,  0.00,450.00
415017,2015-05-06,2015-05-09,SERVICE,SETUP_RESET, 50.00,  2.50,125.00,  0.00,125.00
415017,2015-05-06,2015-05-09,SERVICE,STAFFING, 40.00,  4.50,180.00,  0.00,180.00
415017,2015-05-06,2015-05-09,SERVICE,A/V, 40.00,  5.00,200.00,  0.00,200.00
415017,2015-05-06,2015-05-09,SERVICE,JANITORIAL,250.00,  1.00,250.00,  0.00,250.00
415017,2015-05-06,2015-05-09,SERVICE,COMPOSTABLES, 66.49,  1.00, 66.49,  0.00, 66.49
515002,2015-05-05,2015-05-27,ROOM,OMI, 60.00,  3.50,210.00,  0.00,210.00
515002,2015-05-05,2015-06-03,ROOM,OMI, 60.00,  3.50,210.00,  0.00,210.00
515002,2015-05-05,2015-06-10,ROOM,OMI, 60.00,  3.50,210.00,  0.00,210.00
515002,2015-05-05,2015-06-17,ROOM,OMI, 60.00,  3.50,210.00,  0.00,210.00
515002,2015-05-05,2015-06-24,ROOM,OMI, 60.00,  3.50,210.00,  0.00,210.00
515001,2015-05-01,2015-07-04,ROOM,BROADWAY,180.00,  7.50,1350.00,  0.15,1147.50
515001,2015-05-01,2015-07-04,SERVICE,SETUP_RESET, 75.00,  2.50,187.50,  0.00,187.50
515001,2015-05-01,2015-07-04,SERVICE,STAFFING, 50.00,  8.00,400.00,  0.00,400.00
515001,2015-05-01,2015-07-04,SERVICE,JANITORIAL,300.00,  1.00,300.00,  0.00,300.00
515001,2015-05-01,2015-07-04,SERVICE,A/V, 40.00,  9.00,360.00,  0.00,360.00
415019,2015-04-29,2015-09-24,ROOM,BROADWAY,295.00,  2.00,590.00,  0.00,590.00
415019,2015-04-29,2015-09-24,ROOM,MERIDIAN, 95.00,  3.00,285.00,  0.00,285.00
415019,2015-04-29,2015-09-24,ROOM,MEDITATION, 15.00,  5.00, 75.00,  0.00, 75.00
415019,2015-04-29,2015-09-24,SERVICE,SETUP_RESET, 75.00,  4.50,337.50,  0.00,337.50
415019,2015-04-29,2015-09-24,SERVICE,STAFFING, 35.00,  4.00,140.00,  0.00,140.00
415019,2015-04-29,2015-09-24,SERVICE,JANITORIAL,300.00,  1.00,300.00,  0.00,300.00
415019,2015-04-29,2015-09-24,SERVICE,A/V, 40.00,  6.00,240.00,  0.00,240.00
315012,2015-04-29,2015-05-16,ROOM,BROADWAY,255.00,  4.00,1020.00,  0.00,1020.00
315012,2015-04-29,2015-05-16,SERVICE,SETUP_RESET, 50.00,  2.50,125.00,  0.00,125.00
315012,2015-04-29,2015-05-16,SERVICE,STAFFING, 40.00,  6.50,260.00,  0.00,260.00
315012,2015-04-29,2015-05-16,SERVICE,JANITORIAL,250.00,  1.00,250.00,  0.00,250.00
315012,2015-04-29,2015-05-16,SERVICE,A/V, 40.00,  2.00, 80.00,  0.00, 80.00
315008,2015-04-28,2015-05-02,ROOM,BROADWAY,210.00,  7.00,1470.00,  0.15,1249.50
315008,2015-04-28,2015-05-02,ROOM,JINGLETOWN,105.00,  3.00,315.00,  0.15,267.75
315008,2015-04-28,2015-05-02,ROOM,UPTOWN, 60.00,  3.00,180.00,  0.15,153.00
315008,2015-04-28,2015-05-02,SERVICE,SETUP_RESET, 75.00,  3.00,225.00,  0.00,225.00
315008,2015-04-28,2015-05-02,SERVICE,STAFFING, 40.00, 10.00,400.00,  0.00,400.00
315008,2015-04-28,2015-05-02,SERVICE,JANITORIAL,500.00,  1.00,500.00,  0.00,500.00
415016,2015-04-27,2015-09-18,ROOM,BROADWAY,255.00,  4.00,1020.00,  0.00,1020.00
415016,2015-04-27,2015-09-18,SERVICE,SETUP_RESET, 50.00,  3.00,150.00,  0.00,150.00
415016,2015-04-27,2015-09-18,SERVICE,STAFFING, 40.00,  7.00,280.00,  0.00,280.00
415016,2015-04-27,2015-09-18,SERVICE,JANITORIAL,300.00,  1.00,300.00,  0.00,300.00
115005,2015-04-27,2015-05-07,ROOM,BROADWAY,225.00,  2.50,562.50,  0.10,506.25
115005,2015-04-27,2015-05-07,ROOM,ATRIUM,150.00,  2.50,375.00,  0.10,337.50
115005,2015-04-27,2015-05-07,ROOM,JINGLETOWN,115.00,  2.50,287.50,  0.10,258.75
115005,2015-04-27,2015-05-07,ROOM,OMI, 85.00,  5.00,425.00,  0.10,382.50
115005,2015-04-27,2015-05-07,ROOM,EAST_OAK, 25.00,  7.00,175.00,  0.10,157.50
115005,2015-04-27,2015-05-07,SERVICE,SETUP_RESET, 75.00,  4.00,300.00,  0.00,300.00
115005,2015-04-27,2015-05-07,SERVICE,STAFFING, 35.00,  6.50,227.50,  0.00,227.50
115005,2015-04-27,2015-05-07,SERVICE,JANITORIAL,500.00,  1.00,500.00,  0.00,500.00
115005,2015-04-27,2015-05-07,SERVICE,JANITORIAL,100.00,  1.00,100.00,  0.00,100.00
115005,2015-04-27,2015-05-07,SERVICE,A/V, 40.00,  4.50,180.00,  0.00,180.00
415015,2015-04-24,2015-05-05,ROOM,BROADWAY,225.00,  3.00,675.00,  1.00,  0.00
415015,2015-04-24,2015-05-05,SERVICE,SETUP_RESET, 75.00,  2.00,150.00,  0.20,120.00
415015,2015-04-24,2015-05-05,SERVICE,STAFFING, 40.00,  5.00,200.00,  0.00,200.00
415015,2015-04-24,2015-05-05,SERVICE,A/V, 40.00,  4.50,180.00,  0.00,180.00
2199,2015-04-22,2015-04-25,ROOM,BROADWAY,315.00,  4.50,1417.50,  0.10,1275.75
2199,2015-04-22,2015-04-25,ROOM,ATRIUM,225.00,  4.50,1012.50,  0.10,911.25
2199,2015-04-22,2015-04-25,ROOM,JINGLETOWN,180.00,  4.50,810.00,  0.10,729.00
2199,2015-04-22,2015-04-25,ROOM,EAST_OAK, 65.00,  5.50,357.50,  0.10,321.75
2199,2015-04-22,2015-04-25,SERVICE,SETUP_RESET,100.00,  2.00,200.00,  0.00,200.00
2199,2015-04-22,2015-04-25,SERVICE,STAFFING, 30.00,  2.00, 60.00,  0.00, 60.00
2199,2015-04-22,2015-04-25,SERVICE,SETUP_RESET, 75.00,  5.00,375.00,  0.00,375.00
2199,2015-04-22,2015-04-25,SERVICE,JANITORIAL,500.00,  1.00,500.00,  0.00,500.00
2199,2015-04-22,2015-04-25,SERVICE,A/V, 40.00,  8.00,320.00,  0.00,320.00
2199,2015-04-22,2015-04-25,SERVICE,A/V, 30.00,  1.00, 30.00,  0.00, 30.00
415014,2015-04-21,2015-04-15,ROOM,OMI, 85.00,  2.50,212.50,  0.00,212.50
415014,2015-04-21,2015-04-15,ROOM,DOWNTOWN, 45.00,  4.00,180.00,  0.00,180.00
415014,2015-04-21,2015-04-15,SERVICE,STAFFING, 30.00,  2.00, 60.00,  0.00, 60.00
415012,2015-04-16,2015-05-20,ROOM,ATRIUM,110.00,  2.50,275.00,  0.00,275.00
415012,2015-04-16,2015-05-20,SERVICE,SETUP_RESET, 50.00,  2.00,100.00,  0.00,100.00
415012,2015-04-16,2015-05-20,SERVICE,STAFFING, 40.00,  5.50,220.00,  0.00,220.00
415012,2015-04-16,2015-05-20,SERVICE,JANITORIAL,250.00,  1.00,250.00,  0.00,250.00
415011,2015-04-16,2015-04-24,ROOM,ATRIUM,225.00,  2.50,562.50,  1.00,  0.00
415011,2015-04-16,2015-04-24,ROOM,OMI, 60.00,  5.00,300.00,  0.00,300.00
415011,2015-04-16,2015-04-24,SERVICE,SETUP_RESET, 80.00,  4.00,320.00,  0.00,320.00
415011,2015-04-16,2015-04-24,SERVICE,STAFFING, 45.00,  4.00,180.00,  0.00,180.00
415011,2015-04-16,2015-04-24,SERVICE,DRINKS, 25.00,  3.00, 75.00,  0.00, 75.00
315011,2015-04-16,2015-04-21,ROOM,BROADWAY,295.00,  3.00,885.00,  0.80,177.00
315011,2015-04-16,2015-04-21,SERVICE,SETUP_RESET, 75.00,  2.00,150.00,  0.00,150.00
315011,2015-04-16,2015-04-21,SERVICE,STAFFING, 40.00,  5.00,200.00,  0.00,200.00
315011,2015-04-16,2015-04-21,SERVICE,DRINKS, 12.00,  2.00, 24.00,  0.00, 24.00
415010,2015-04-10,2015-02-24,ROOM,BROADWAY,295.00,  2.00,590.00,  0.00,590.00
415010,2015-04-10,2015-02-24,SERVICE,SETUP_RESET, 75.00,  3.00,225.00,  0.00,225.00
415010,2015-04-10,2015-02-24,SERVICE,STAFFING, 40.00,  5.00,200.00,  0.00,200.00
415010,2015-04-10,2015-02-24,SERVICE,JANITORIAL,350.00,  1.00,350.00,  0.00,350.00
415009,2015-04-10,2015-04-18,ROOM,OMI, 90.00,  4.00,360.00,  0.00,360.00
415009,2015-04-10,2015-04-18,SERVICE,JANITORIAL, 50.00,  1.00, 50.00,  1.00,  0.00
315007,2015-04-07,2015-04-14,ROOM,BROADWAY,225.00,  2.00,450.00,  0.00,450.00
315007,2015-04-07,2015-04-14,SERVICE,SETUP_RESET, 75.00,  2.00,150.00,  0.00,150.00
315007,2015-04-07,2015-04-14,SERVICE,STAFFING, 40.00,  4.00,160.00,  0.00,160.00
315007,2015-04-07,2015-04-14,SERVICE,JANITORIAL,250.00,  1.00,250.00,  0.00,250.00
315005,2015-04-01,2015-04-04,ROOM,BROADWAY,210.00,  3.50,735.00,  0.93, 51.45
315005,2015-04-01,2015-04-04,SERVICE,SETUP_RESET, 75.00,  4.00,300.00,  1.00,  0.00
315005,2015-04-01,2015-04-04,SERVICE,JANITORIAL,250.00,  1.00,250.00,  0.00,250.00
315005,2015-04-01,2015-04-04,SERVICE,STAFFING, 35.00,  3.00,105.00,  0.00,105.00
315005,2015-04-01,2015-04-04,SERVICE,JANITORIAL, 85.00,  1.00, 85.00,  1.00,  0.00
315001,2015-04-01,2015-04-09,ROOM,BROADWAY,180.00,  1.75,315.00,  0.15,267.75
315001,2015-04-01,2015-04-09,ROOM,OMI, 60.00,  3.25,195.00,  0.15,165.75
315001,2015-04-01,2015-04-09,SERVICE,SETUP_RESET, 75.00,  3.00,225.00,  0.00,225.00
315001,2015-04-01,2015-04-09,SERVICE,STAFFING, 40.00,  5.00,200.00,  0.00,200.00
315001,2015-04-01,2015-04-09,SERVICE,JANITORIAL,300.00,  1.00,300.00,  0.00,300.00
315001,2015-04-01,2015-04-09,SERVICE,A/V, 40.00,  5.00,200.00,  0.00,200.00
315013,2015-03-30,2015-04-14,ROOM,DOWNTOWN, 45.00,  3.00,135.00,  0.00,135.00
315002,2015-03-24,3/28-3/29,ROOM,BROADWAY,255.00, 16.00,4080.00,  0.70,1224.00
315002,2015-03-24,3/28-3/29,ROOM,ATRIUM,864.00,  1.00,864.00,  0.50,432.00
315002,2015-03-24,3/28-3/29,SERVICE,SETUP_RESET, 75.00,  4.00,300.00,  0.00,300.00
315002,2015-03-24,3/28-3/29,SERVICE,STAFFING, 40.00, 10.50,420.00,  0.00,420.00
315002,2015-03-24,3/28-3/29,SERVICE,JANITORIAL,500.00,  1.00,500.00,  0.00,500.00
315010,2015-03-23,2015-03-25,ROOM,JINGLETOWN,115.00,  2.50,287.50,  0.00,287.50
315010,2015-03-23,2015-03-25,SERVICE,SETUP_RESET, 50.00,  2.00,100.00,  0.00,100.00
315010,2015-03-23,2015-03-25,SERVICE,STAFFING, 35.00,  4.50,157.50,  0.00,157.50
315010,2015-03-23,2015-03-25,SERVICE,JANITORIAL,250.00,  1.00,250.00,  0.00,250.00
315009,2015-03-20,2015-04-23,ROOM,BROADWAY,180.00,  2.50,450.00,  0.00,450.00
315009,2015-03-20,2015-04-23,SERVICE,SETUP_RESET, 75.00,  2.00,150.00,  0.00,150.00
315009,2015-03-20,2015-04-23,SERVICE,STAFFING, 40.00,  4.50,180.00,  0.00,180.00
315009,2015-03-20,2015-04-23,SERVICE,JANITORIAL,350.00,  1.00,350.00,  0.00,350.00
315009,2015-03-20,2015-04-23,SERVICE,A/V, 40.00,  4.00,160.00,  0.00,160.00
315006,2015-03-20,2015-04-16,ROOM,OMI, 60.00,  3.50,210.00,  0.00,210.00
315006,2015-03-20,2015-04-16,SERVICE,STAFFING, 20.00,  1.50, 30.00,  0.00, 30.00
115001,2015-03-18,2015-03-21,ROOM,BROADWAY,210.00,  2.50,525.00,  0.00,525.00
115001,2015-03-18,2015-03-21,SERVICE,SETUP_RESET, 75.00,  2.00,150.00,  0.00,150.00
115001,2015-03-18,2015-03-21,SERVICE,STAFFING, 35.00,  4.50,157.50,  0.00,157.50
115001,2015-03-18,2015-03-21,SERVICE,JANITORIAL,250.00,  1.00,250.00,  0.00,250.00
115001,2015-03-18,2015-03-21,SERVICE,COMPOSTABLES, 66.82,  1.00, 66.82,  0.00, 66.82
315004,2015-03-11,2015-03-25,ROOM,OMI,115.00,  2.50,287.50,  1.00,  0.00
315004,2015-03-11,2015-03-25,SERVICE,SETUP_RESET, 30.00,  2.00, 60.00,  1.00,  0.00
315004,2015-03-11,2015-03-25,SERVICE,JANITORIAL,100.00,  1.00,100.00,  1.00,  0.00
315004,2015-03-11,2015-03-25,SERVICE,JANITORIAL, 30.00,  1.00, 30.00,  0.00, 30.00
315004,2015-03-11,2015-03-25,SERVICE,STAFFING, 40.00,  4.50,180.00,  0.00,180.00
215013,2015-03-10,2015-03-21,ROOM,BROADWAY,210.00,  3.50,735.00,  0.25,551.25
215013,2015-03-10,2015-03-21,SERVICE,SETUP_RESET, 75.00,  2.00,150.00,  0.00,150.00
215013,2015-03-10,2015-03-21,SERVICE,STAFFING, 35.00,  5.50,192.50,  0.00,192.50
215013,2015-03-10,2015-03-21,SERVICE,JANITORIAL,300.00,  1.00,300.00,  0.00,300.00
215013,2015-03-10,2015-03-21,SERVICE,A/V, 40.00,  2.00, 80.00,  0.00, 80.00
315003,2015-03-06,2015-03-27,ROOM,BROADWAY,210.00,  4.00,840.00,  0.00,840.00
315003,2015-03-06,2015-03-27,SERVICE,SETUP_RESET, 75.00,  2.50,187.50,  0.00,187.50
315003,2015-03-06,2015-03-27,SERVICE,STAFFING, 35.00,  6.50,227.50,  0.00,227.50
315003,2015-03-06,2015-03-27,SERVICE,JANITORIAL,500.00,  1.00,500.00,  0.00,500.00
115009,2015-03-05,2015-03-14,ROOM,BROADWAY,255.00,  4.50,1147.50,  0.00,1147.50
115009,2015-03-05,2015-03-14,ROOM,ATRIUM,180.00,  4.50,810.00,  0.00,810.00
115009,2015-03-05,2015-03-14,ROOM,EAST_OAK, 55.00,  8.00,440.00,  0.25,330.00
115009,2015-03-05,2015-03-14,SERVICE,SETUP_RESET, 75.00,  3.50,262.50,  0.20,210.00
115009,2015-03-05,2015-03-14,SERVICE,STAFFING, 35.00,  8.00,280.00,  0.00,280.00
115009,2015-03-05,2015-03-14,SERVICE,JANITORIAL,500.00,  1.00,500.00,  0.00,500.00
115009,2015-03-05,2015-03-14,SERVICE,JANITORIAL, 75.00,  1.00, 75.00,  0.00, 75.00
215016,2015-02-24,2015-03-01,ROOM,OMI, 90.00,  3.50,315.00,  0.00,315.00
215016,2015-02-24,2015-03-01,SERVICE,STAFFING, 40.00,  3.50,140.00,  0.00,140.00
215016,2015-02-24,2015-03-01,SERVICE,JANITORIAL,140.00,  1.00,140.00,  0.00,140.00
215006,2015-02-23,2015-02-23,ROOM,BROADWAY,180.00,  2.50,450.00,  0.20,360.00
215006,2015-02-23,2015-02-23,SERVICE,SETUP_RESET, 75.00,  2.00,150.00,  0.00,150.00
215006,2015-02-23,2015-02-23,SERVICE,STAFFING, 40.00,  3.50,140.00,  0.00,140.00
215006,2015-02-23,2015-02-23,SERVICE,JANITORIAL,300.00,  1.00,300.00,  0.00,300.00
215006,2015-02-23,2015-02-23,SERVICE,A/V, 40.00,  4.50,180.00,  0.00,180.00
215014,2015-02-20,2015-03-21,ROOM,BROADWAY,315.00,  3.00,945.00,  0.40,567.00
215014,2015-02-20,2015-03-21,SERVICE,SETUP_RESET,100.00,  2.00,200.00,  0.00,200.00
215014,2015-02-20,2015-03-21,SERVICE,STAFFING, 40.00,  5.00,200.00,  0.00,200.00
215014,2015-02-20,2015-03-21,SERVICE,JANITORIAL,150.00,  1.00,150.00,  0.00,150.00
215014,2015-02-20,2015-03-21,OTHER,Apply Deposit from 1/22/15 Canceled Event,,,-537.50,  0.00,-537.50
215012,2015-02-18,2015-03-12,ROOM,ATRIUM,110.00,  2.00,220.00,  0.00,220.00
215012,2015-02-18,2015-03-12,SERVICE,SETUP_RESET, 75.00,  2.00,150.00,  0.00,150.00
215012,2015-02-18,2015-03-12,SERVICE,STAFFING, 40.00,  4.00,160.00,  0.00,160.00
215012,2015-02-18,2015-03-12,SERVICE,JANITORIAL,300.00,  1.00,300.00,  0.00,300.00
215010,2015-02-12,2015-03-04,ROOM,BROADWAY,225.00,  4.00,900.00,  0.50,450.00
215010,2015-02-12,2015-03-04,SERVICE,SETUP_RESET, 75.00,  2.00,150.00,  0.00,150.00
215010,2015-02-12,2015-03-04,SERVICE,STAFFING, 30.00,  6.00,180.00,  0.00,180.00
215010,2015-02-12,2015-03-04,SERVICE,JANITORIAL,350.00,  1.00,350.00,  0.30,245.00
215009,2015-02-11,2015-02-22,OTHER,50% Deposit,938.75,  1.00,938.75,  0.00,938.75
215009,2015-02-11,2015-02-22,OTHER,Credit,-450.00,  1.00,-450.00,  0.00,-450.00
215008,2015-02-11,2015-02-16,ROOM,BROADWAY,295.00,  3.00,885.00,  0.20,708.00
215008,2015-02-11,2015-02-16,ROOM,ATRIUM,195.00,  3.00,585.00,  1.00,  0.00
215008,2015-02-11,2015-02-16,SERVICE,SETUP_RESET, 75.00,  3.00,225.00,  0.20,180.00
215008,2015-02-11,2015-02-16,SERVICE,STAFFING, 40.00,  6.00,240.00,  0.00,240.00
215008,2015-02-11,2015-02-16,SERVICE,JANITORIAL,350.00,  1.00,350.00,  0.28,252.00
215008,2015-02-11,2015-02-16,SERVICE,A/V, 40.00,  4.50,180.00,  0.00,350.00
215007,2015-02-11,2015-02-14,ROOM,BROADWAY,255.00,  3.00,765.00,  0.55,344.25
215007,2015-02-11,2015-02-14,SERVICE,SETUP_RESET, 75.00,  2.50,187.50,  0.00,187.50
215007,2015-02-11,2015-02-14,SERVICE,STAFFING, 40.00,  5.50,220.00,  0.00,220.00
215007,2015-02-11,2015-02-14,SERVICE,JANITORIAL,250.00,  1.00,250.00,  0.00,250.00
215004,2015-02-11,2015-02-12,ROOM,OMI, 60.00,  2.00,120.00,  0.15,102.00
215004,2015-02-11,2015-02-12,SERVICE,SETUP_RESET, 75.00,  1.50,112.50,  0.00,112.50
215004,2015-02-11,2015-02-12,SERVICE,JANITORIAL,250.00,  1.00,250.00,  1.00,  0.00
215004,2015-02-11,2015-02-12,SERVICE,JANITORIAL, 50.00,  1.00, 50.00,  1.00,  0.00
215005,2015-02-04,2015-05-14,ROOM,BROADWAY,295.00,  3.00,885.00,  1.00,  0.00
215005,2015-02-04,2015-05-14,ROOM,OMI,120.00,  3.50,420.00,  0.50,210.00
215005,2015-02-04,2015-05-14,SERVICE,SETUP_RESET, 75.00,  2.50,187.50,  1.00,  0.00
215005,2015-02-04,2015-05-14,SERVICE,STAFFING, 20.00,  1.00, 20.00,  0.00, 20.00
215005,2015-02-04,2015-05-14,SERVICE,JANITORIAL,300.00,  1.00,300.00,  0.00,300.00
215005,2015-02-04,2015-05-14,SERVICE,A/V, 40.00,  4.50,180.00,  0.00,180.00
115007,2015-02-03,2015-02-04,OTHER,Cancellation Fee,200.00,  1.00,200.00,  0.00,200.00
115016,2015-01-30,2015-02-15,ROOM,BROADWAY,315.00,  4.50,1417.50,  1.00,  0.00
115016,2015-01-30,2015-02-15,SERVICE,SETUP_RESET, 75.00,  3.50,262.50,  1.00,  0.00
115016,2015-01-30,2015-02-15,SERVICE,STAFFING, 50.00,  8.00,400.00,  0.00,400.00
115016,2015-01-30,2015-02-15,SERVICE,JANITORIAL,500.00,  1.00,500.00,  0.00,500.00
2196,2015-01-29,2015-02-06,ROOM,ATRIUM,225.00,  1.50,337.50,  1.00,  0.00
2196,2015-01-29,2015-02-06,SERVICE,SETUP_RESET, 50.00,  2.00,100.00,  0.00,100.00
2196,2015-01-29,2015-02-06,SERVICE,JANITORIAL, 70.00,  1.00, 70.00,  0.00, 70.00
2196,2015-01-29,2015-02-06,SERVICE,JANITORIAL, 85.00,  1.00, 85.00,  0.00, 85.00
2196,2015-01-29,2015-02-06,SERVICE,STAFFING, 40.00,  3.50,140.00,  0.00,140.00
115015,2015-01-28,2014-02-12,ROOM,OMI, 60.00,  2.00,120.00,  0.00,120.00
115015,2015-01-28,2014-02-12,SERVICE,SETUP_RESET, 30.00,  2.00, 60.00,  0.00, 60.00
115015,2015-01-28,2014-02-12,SERVICE,JANITORIAL,100.00,  1.00,100.00,  0.00,100.00
115014,2015-01-28,2015-02-12,ROOM,BROADWAY,180.00,  2.00,360.00,  0.00,360.00
115014,2015-01-28,2015-02-12,SERVICE,SETUP_RESET, 50.00,  2.00,100.00,  0.00,100.00
115014,2015-01-28,2015-02-12,SERVICE,STAFFING, 30.00,  4.00,120.00,  0.00,120.00
115011,2015-01-26,2015-01-27,ROOM,JINGLETOWN,150.00,  2.00,300.00,  0.00,300.00
115011,2015-01-26,2015-01-27,SERVICE,SETUP_RESET, 50.00,  2.50,125.00,  0.00,125.00
115011,2015-01-26,2015-01-27,SERVICE,STAFFING, 35.00,  4.50,157.50,  0.00,157.50
115011,2015-01-26,2015-01-27,SERVICE,JANITORIAL,300.00,  1.00,300.00,  0.00,300.00
115011,2015-01-26,2015-01-27,SERVICE,JANITORIAL, 50.00,  1.00, 50.00,  0.00, 50.00
115010,2015-01-26,2015-05-11,ROOM,OMI, 60.00,  6.50,390.00,  0.00,390.00
115010,2015-01-26,2015-05-11,SERVICE,JANITORIAL, 50.00,  1.00, 50.00,  0.00, 50.00
2194,2015-01-23,2015-01-15,SERVICE,A/V, 40.00,  4.25,170.00,  0.00,170.00
2187,2015-01-22,2015-01-31,SERVICE,COMPOSTABLES, 30.10,  1.00, 30.10,  0.00, 30.10
2191,2015-01-21,2015-01-27,ROOM,OMI, 60.00,  1.50, 90.00,  0.00, 90.00
2191,2015-01-21,2015-01-27,SERVICE,SETUP_RESET, 30.00,  1.00, 30.00,  0.00, 30.00
2191,2015-01-21,2015-01-27,SERVICE,JANITORIAL, 30.00,  1.00, 30.00,  0.00, 30.00
115008,2015-01-20,2015-01-27,ROOM,OMI, 60.00,  2.00,120.00,  0.00,120.00
115008,2015-01-20,2015-01-27,SERVICE,SETUP_RESET, 30.00,  1.00, 30.00,  0.00, 30.00
215002,2015-01-09,2015-02-05,OTHER,Damage Deposit,1000.00,  1.00,1000.00,  0.00,1000.00
215001,2015-01-09,2015-02-05,ROOM,BROADWAY,225.00,  2.00,450.00,  0.00,450.00
215001,2015-01-09,2015-02-05,SERVICE,SETUP_RESET, 50.00,  2.00,100.00,  0.00,100.00
215001,2015-01-09,2015-02-05,SERVICE,STAFFING, 40.00,  4.00,160.00,  0.00,160.00
215001,2015-01-09,2015-02-05,SERVICE,JANITORIAL,250.00,  1.00,250.00,  0.00,250.00
115004,2015-01-09,2014-02-13,ROOM,BROADWAY,315.00,  4.00,1260.00,  0.50,630.00
115004,2015-01-09,2014-02-13,SERVICE,SETUP_RESET, 75.00,  2.50,187.50,  0.00,187.50
115004,2015-01-09,2014-02-13,SERVICE,STAFFING, 40.00,  5.50,220.00,  0.00,220.00
115004,2015-01-09,2014-02-13,SERVICE,JANITORIAL,300.00,  1.00,300.00,  0.00,300.00
115004,2015-01-09,2014-02-13,SERVICE,A/V, 40.00,  6.00,240.00,  0.00,240.00
115003,2015-01-08,2014-12-17,ROOM,BROADWAY,180.00,  1.40,252.00,  0.00,252.00
115003,2015-01-08,2014-12-17,SERVICE,SETUP_RESET, 75.00,  2.00,150.00,  0.75, 37.50
115003,2015-01-08,2014-12-17,SERVICE,STAFFING, 40.00,  4.00,160.00,  1.00,  0.00
115003,2015-01-08,2014-12-17,SERVICE,JANITORIAL,500.00,  1.00,500.00,  0.50,250.00
115003,2015-01-08,2014-12-17,SERVICE,JANITORIAL,100.00,  1.00,100.00,  0.70, 30.00
115003,2015-01-08,2014-12-17,SERVICE,A/V, 40.00,  2.00, 80.00,  1.00,  0.00
115003,2015-01-08,2014-12-17,SERVICE,DRINKS,163.13,  1.00,163.13,  0.50, 81.56
115003,2015-01-08,2014-12-17,SERVICE,SECURITY, 30.00, 10.00,300.00,  0.50,150.00
2193,2015-01-06,2014-01-14,ROOM,BROADWAY,295.00,  2.50,737.50,  0.00,737.50
2193,2015-01-06,2014-01-14,SERVICE,SETUP_RESET, 50.00,  2.00,100.00,  0.00,100.00
2193,2015-01-06,2014-01-14,SERVICE,JANITORIAL,250.00,  1.00,250.00,  0.00,250.00
2193,2015-01-06,2014-01-14,SERVICE,A/V, 40.00,  3.00,120.00,  0.00,120.00
2201,2014-12-26,2015-02-25,ROOM,BROADWAY,295.00,  3.00,885.00,  1.00,  0.00
2201,2014-12-26,2015-02-25,SERVICE,SETUP_RESET, 75.00,  3.00,225.00,  1.00,  0.00
2201,2014-12-26,2015-02-25,SERVICE,STAFFING, 40.00,  6.00,240.00,  1.00,  0.00
2201,2014-12-26,2015-02-25,SERVICE,JANITORIAL,500.00,  1.00,500.00,  0.00,500.00
2201,2014-12-26,2015-02-25,SERVICE,JANITORIAL,100.00,  1.00,100.00,  0.00,100.00
2201,2014-12-26,2015-02-25,SERVICE,A/V, 40.00,  5.00,200.00,  1.00,  0.00
2200,2014-12-23,2015-01-10,ROOM,BROADWAY,255.00,  7.00,1785.00,  0.86,249.90
2200,2014-12-23,2015-01-10,SERVICE,JANITORIAL,250.00,  1.00,250.00,  0.00,250.00
2198,2014-12-12,2015-04-01,ROOM,MERIDIAN, 45.00,  3.00,135.00,  0.00,135.00
2198,2014-12-12,2015-04-08,ROOM,MERIDIAN, 45.00,  3.00,135.00,  0.00,135.00
2198,2014-12-12,2015-04-15,ROOM,OMI, 45.00,  3.00,135.00,  0.00,135.00
2198,2014-12-12,2015-04-22,ROOM,MERIDIAN, 45.00,  3.00,135.00,  0.00,135.00
2197,2014-12-12,2015-03-04,ROOM,MERIDIAN, 45.00,  3.00,135.00,  0.00,135.00
2197,2014-12-12,2015-03-11,ROOM,MERIDIAN, 45.00,  3.00,135.00,  0.00,135.00
2197,2014-12-12,2015-03-18,ROOM,OMI, 45.00,  3.00,135.00,  0.00,135.00
2197,2014-12-12,2015-03-25,ROOM,MERIDIAN, 45.00,  3.00,135.00,  0.00,135.00
2195,2014-12-09,2014-12-18,ROOM,MERIDIAN, 95.00,  1.50,142.50,  0.00,142.50
2195,2014-12-09,2014-12-18,SERVICE,SETUP_RESET, 30.00,  1.00, 30.00,  0.00, 30.00
2192,2014-12-04,2014-12-18,ROOM,BROADWAY,295.00,  2.00,590.00,  1.00,  0.00
2192,2014-12-04,2014-12-18,SERVICE,SETUP_RESET, 40.00,  2.50,100.00,  0.00,100.00
2192,2014-12-04,2014-12-18,SERVICE,JANITORIAL,250.00,  1.00,250.00,  0.00,250.00
2192,2014-12-04,2014-12-18,SERVICE,A/V, 40.00,  4.00,160.00,  0.00,160.00
2190,2014-11-26,2014-12-31,ROOM,BROADWAY,400.00,  4.50,1800.00,  0.00,1800.00
2190,2014-11-26,2014-12-31,SERVICE,SETUP_RESET,115.00,  2.00,230.00,  0.00,230.00
2190,2014-11-26,2014-12-31,SERVICE,JANITORIAL,500.00,  1.00,500.00,  0.00,500.00
2190,2014-11-26,2014-12-31,SERVICE,A/V, 60.00,  6.50,390.00,  0.00,390.00
2190,2014-11-26,2014-12-31,SERVICE,STAFFING, 60.00,  6.50,390.00,  0.00,390.00
2189,2014-11-25,2014-12-10,ROOM,MERIDIAN, 45.00,  2.00, 90.00,  0.00, 90.00
2189,2014-11-25,2014-12-10,SERVICE,SETUP_RESET, 50.00,  2.00,100.00,  0.00,100.00
2189,2014-11-25,2014-12-10,SERVICE,JANITORIAL,100.00,  1.00,100.00,  0.00,100.00
2188,2014-11-25,2014-12-06,ROOM,OMI, 90.00,  3.00,270.00,  0.00,270.00
2188,2014-11-25,2014-12-06,ROOM,EAST_OAK, 35.00,  1.00, 35.00,  0.00, 35.00
2188,2014-11-25,2014-12-06,SERVICE,SETUP_RESET, 75.00,  2.00,150.00,  0.00,150.00
2188,2014-11-25,2014-12-06,SERVICE,STAFFING, 30.00,  5.00,150.00,  0.00,150.00
2188,2014-11-25,2014-12-06,SERVICE,JANITORIAL,250.00,  1.00,250.00,  0.00,250.00
2186,2014-11-24,2014-12-09,ROOM,DOWNTOWN, 45.00,  1.00, 45.00,  0.00, 45.00
2186,2014-11-24,2014-12-09,SERVICE,SETUP_RESET, 20.00,  1.00, 20.00,  0.00, 20.00
2184,2014-11-20,2014-12-08,ROOM,BROADWAY,295.00,  3.00,885.00,  0.50,442.50
2184,2014-11-20,2014-12-08,ROOM,ATRIUM,195.00,  3.00,585.00,  1.00,  0.00
2184,2014-11-20,2014-12-08,SERVICE,SETUP_RESET, 75.00,  2.00,150.00,  0.50, 75.00
2184,2014-11-20,2014-12-08,SERVICE,STAFFING, 40.00,  5.00,200.00,  0.00,200.00
2184,2014-11-20,2014-12-08,SERVICE,JANITORIAL,250.00,  1.00,250.00,  0.00,250.00
2184,2014-11-20,2014-12-08,SERVICE,JANITORIAL, 85.00,  1.00, 85.00,  0.00, 85.00
2184,2014-11-20,2014-12-08,SERVICE,SECURITY, 30.00,  3.00, 90.00,  0.00, 90.00
2183,2014-11-19,2014-11-15,ROOM,BROADWAY,210.00,  3.50,735.00,  0.93, 51.45
2183,2014-11-19,2014-11-15,SERVICE,SETUP_RESET, 75.00,  3.00,225.00,  1.00,  0.00
2183,2014-11-19,2014-11-15,SERVICE,JANITORIAL,250.00,  1.00,250.00,  0.00,250.00
2183,2014-11-19,2014-11-15,SERVICE,STAFFING, 30.00,  6.50,195.00,  1.00,  0.00
2183,2014-11-19,2014-11-15,SERVICE,JANITORIAL, 85.00,  1.00, 85.00,  1.00,  0.00
115002,2014-11-19,2015-01-16,ROOM,BROADWAY,210.00,  3.50,735.00,  0.93, 51.45
115002,2014-11-19,2015-01-16,SERVICE,SETUP_RESET, 75.00,  3.00,225.00,  1.00,  0.00
115002,2014-11-19,2015-01-16,SERVICE,JANITORIAL,250.00,  1.00,250.00,  0.00,250.00
115002,2014-11-19,2015-01-16,SERVICE,STAFFING, 30.00,  6.50,195.00,  1.00,  0.00
115002,2014-11-19,2015-01-16,SERVICE,JANITORIAL, 85.00,  1.00, 85.00,  1.00,  0.00
2181,2014-11-11,2014-11-12,ROOM,BROADWAY,180.00,  3.00,540.00,  0.93, 37.80
2181,2014-11-11,2014-11-12,SERVICE,SETUP_RESET, 75.00,  2.00,150.00,  0.92, 12.00
2181,2014-11-11,2014-11-12,SERVICE,STAFFING, 60.00,  5.00,300.00,  0.00,300.00
2181,2014-11-11,2014-11-12,SERVICE,JANITORIAL,250.00,  1.00,250.00,  0.00,250.00
2181,2014-11-11,2014-11-12,SERVICE,A/V, 40.00,  5.00,200.00,  0.00,200.00
2181,2014-11-11,2014-11-12,SERVICE,COMPOSTABLES, 15.00,  1.00, 15.00,  1.00,  0.00
2181,2014-11-11,2014-11-12,SERVICE,DRINKS, 30.00,  1.00, 30.00,  1.00,  0.00
2180,2014-11-11,2015-01-17,ROOM,BROADWAY,255.00,  4.00,1020.00,  0.00,1020.00
2180,2014-11-11,2015-01-17,ROOM,DOWNTOWN, 75.00,  7.00,525.00,  1.00,  0.00
2180,2014-11-11,2015-01-17,SERVICE,SETUP_RESET, 75.00,  3.00,225.00,  0.00,225.00
2180,2014-11-11,2015-01-17,SERVICE,JANITORIAL,250.00,  1.00,250.00,  0.00,250.00
2180,2014-11-11,2015-01-17,SERVICE,A/V, 40.00,  6.00,240.00,  0.00,240.00
2179,2014-11-11,2015-04-18,ROOM,ATRIUM,225.00,  6.00,1350.00,  0.00,1350.00
2179,2014-11-11,2015-04-18,SERVICE,STAFFING, 40.00,  8.50,340.00,  0.00,340.00
2179,2014-11-11,2015-04-18,SERVICE,JANITORIAL,400.00,  1.00,400.00,  0.00,400.00
2178,2014-11-11,2015-03-21,ROOM,OMI,145.00,  5.00,725.00,  0.00,725.00
2178,2014-11-11,2015-03-21,SERVICE,STAFFING, 40.00,  7.00,280.00,  0.00,280.00
2178,2014-11-11,2015-03-21,SERVICE,JANITORIAL,150.00,  1.00,150.00,  0.00,150.00
2177,2014-11-11,2014-12-14,ROOM,JINGLETOWN,189.00,  8.00,1512.00,  0.15,1285.20
2177,2014-11-11,2014-12-14,SERVICE,STAFFING, 40.00, 10.50,420.00,  0.00,420.00
2177,2014-11-11,2014-12-14,SERVICE,JANITORIAL,250.00,  1.00,250.00,  0.00,250.00
2176,2014-11-11,2014-12-13,ROOM,JINGLETOWN,189.00,  8.00,1512.00,  0.15,1285.20
2176,2014-11-11,2014-12-13,SERVICE,STAFFING, 40.00, 10.50,420.00,  0.00,420.00
2176,2014-11-11,2014-12-13,SERVICE,JANITORIAL,250.00,  1.00,250.00,  0.00,250.00
2175,2014-11-10,2014-11-22,ROOM,UPTOWN,115.00,  3.00,345.00,  0.00,345.00
2175,2014-11-10,2014-11-22,SERVICE,STAFFING, 40.00,  4.00,160.00,  0.00,160.00
2175,2014-11-10,2014-11-22,SERVICE,JANITORIAL,150.00,  1.00,150.00,  0.00,150.00
2172,2014-11-07,2014-12-16,ROOM,BROADWAY,225.00,  3.00,675.00,  0.00,675.00
2172,2014-11-07,2014-12-16,SERVICE,SETUP_RESET, 50.00,  2.00,100.00,  0.00,100.00
2172,2014-11-07,2014-12-16,SERVICE,JANITORIAL,350.00,  1.00,350.00,  0.00,350.00
2182,2014-11-06,2014-12-10,ROOM,BROADWAY,295.00,  3.00,885.00,  0.10,796.50
2182,2014-11-06,2014-12-10,ROOM,ATRIUM,195.00,  3.00,585.00,  0.10,526.50
2182,2014-11-06,2014-12-10,SERVICE,STAFFING, 30.00,  5.00,150.00,  0.00,150.00
2182,2014-11-06,2014-12-10,SERVICE,SETUP_RESET, 75.00,  2.00,150.00,  1.00,  0.00
2182,2014-11-06,2014-12-10,SERVICE,JANITORIAL,500.00,  1.00,500.00,  0.50,250.00
2182,2014-11-06,2014-12-10,SERVICE,A/V, 40.00,  5.00,200.00,  0.00,200.00
2185,2014-11-05,2014-11-08,ROOM,ATRIUM,225.00,  2.00,450.00,  0.17,373.50
2185,2014-11-05,2014-11-08,SERVICE,SETUP_RESET, 75.00,  2.00,150.00,  1.00,  0.00
2185,2014-11-05,2014-11-08,SERVICE,STAFFING, 30.00,  4.00,120.00,  0.00,120.00
2185,2014-11-05,2014-11-08,SERVICE,JANITORIAL,250.00,  1.00,250.00,  1.00,  0.00
2171,2014-11-04,2014-10-29,ROOM,BROADWAY,180.00,  2.00,360.00,  0.00,360.00
2171,2014-11-04,2014-10-29,ROOM,OMI, 60.00,  1.00, 60.00,  0.00, 60.00
2171,2014-11-04,2014-10-29,SERVICE,SETUP_RESET, 50.00,  3.50,175.00,  0.00,175.00
2171,2014-11-04,2014-10-29,SERVICE,JANITORIAL,350.00,  1.00,350.00,  0.00,350.00
2170,2014-11-04,2014-12-09,ROOM,BROADWAY,295.00,  3.50,1032.50,  0.00,1032.50
2170,2014-11-04,2014-12-09,ROOM,EAST_OAK, 35.00,  5.50,192.50,  0.00,192.50
2170,2014-11-04,2014-12-09,ROOM,WEST_OAK, 35.00,  5.50,192.50,  1.00,  0.00
2170,2014-11-04,2014-12-09,SERVICE,STAFFING, 30.00,  5.50,165.00,  0.00,165.00
2170,2014-11-04,2014-12-09,SERVICE,SETUP_RESET, 50.00,  2.00,100.00,  0.00,100.00
2170,2014-11-04,2014-12-09,SERVICE,JANITORIAL,350.00,  1.00,350.00,  0.00,350.00
2169,2014-11-04,2014-12-12,ROOM,BROADWAY,295.00,  3.00,885.00,  0.00,885.00
2169,2014-11-04,2014-12-12,ROOM,JINGLETOWN,150.00,  4.00,600.00,  0.00,600.00
2169,2014-11-04,2014-12-12,ROOM,EAST_OAK, 35.00,  6.00,210.00,  0.00,210.00
2169,2014-11-04,2014-12-12,ROOM,WEST_OAK, 35.00,  6.00,210.00,  1.00,  0.00
2169,2014-11-04,2014-12-12,SERVICE,SETUP_RESET, 50.00,  3.00,150.00,  0.00,150.00
2169,2014-11-04,2014-12-12,SERVICE,JANITORIAL,350.00,  1.00,350.00,  0.00,350.00
2173,2014-11-03,2014-11-08,ROOM,UPTOWN, 60.00,  8.00,480.00,  0.10,432.00
2160,2014-11-03,2014-11-04,ROOM,ATRIUM,195.00,  2.00,390.00,  0.00,390.00
2160,2014-11-03,2014-11-04,SERVICE,SETUP_RESET, 50.00,  2.00,100.00,  0.00,100.00
2160,2014-11-03,2014-11-04,SERVICE,JANITORIAL,250.00,  1.00,250.00,  0.00,250.00
2160,2014-11-03,2014-11-04,SERVICE,DRINKS, 80.00,  1.00, 80.00,  0.00, 80.00
2160,2014-11-03,2014-11-04,SERVICE,COMPOSTABLES, 42.09,  1.00, 42.09,  0.00, 42.00
2174,2014-10-29,2014-11-19,ROOM,UPTOWN, 65.00,  2.50,162.50,  0.00,162.50
2174,2014-10-29,2014-11-19,SERVICE,SETUP_RESET, 30.00,  1.00, 30.00,  0.00, 30.00
2168,2014-10-29,2014-11-20,ROOM,BROADWAY,225.00,  3.00,675.00,  0.00,675.00
2168,2014-10-29,2014-11-20,SERVICE,SETUP_RESET, 50.00,  2.00,100.00,  0.00,100.00
2168,2014-10-29,2014-11-20,SERVICE,JANITORIAL,150.00,  1.00,150.00,  0.00,150.00
2167,2014-10-28,2015-01-17,ROOM,BROADWAY,315.00,  4.00,1260.00,  0.00,1260.00
2167,2014-10-28,2015-01-17,ROOM,DOWNTOWN, 95.00,  7.00,665.00,  1.00,  0.00
2167,2014-10-28,2015-01-17,SERVICE,SETUP_RESET, 75.00,  3.00,225.00,  0.00,225.00
2167,2014-10-28,2015-01-17,SERVICE,JANITORIAL,250.00,  1.00,250.00,  0.00,250.00
2167,2014-10-28,2015-01-17,SERVICE,A/V, 40.00,  6.00,240.00,  0.00,240.00
2166,2014-10-24,2014-12-04,ROOM,OMI, 60.00,  2.00,120.00,  0.00,120.00
2166,2014-10-24,2014-12-04,SERVICE,SETUP_RESET, 30.00,  1.50, 45.00,  0.00, 45.00
2166,2014-10-24,2014-12-04,SERVICE,JANITORIAL,100.00,  1.00,100.00,  0.00,100.00
2165,2014-10-23,2014-12-13,ROOM,BROADWAY,315.00,  5.00,1575.00,  0.00,1575.00
2165,2014-10-23,2014-12-13,SERVICE,STAFFING, 30.00,  5.00,150.00,  0.00,150.00
2165,2014-10-23,2014-12-13,SERVICE,SETUP_RESET, 75.00,  4.00,300.00,  0.00,300.00
2165,2014-10-23,2014-12-13,SERVICE,JANITORIAL,500.00,  1.00,500.00,  0.00,500.00
2164,2014-10-23,2014-12-01,ROOM,BROADWAY,295.00,  2.00,590.00,  0.00,590.00
2164,2014-10-23,2014-12-01,SERVICE,SETUP_RESET, 75.00,  1.00, 75.00,  1.00,  0.00
2164,2014-10-23,2014-12-01,SERVICE,SETUP_RESET, 50.00,  2.00,100.00,  0.00,100.00
2164,2014-10-23,2014-12-01,SERVICE,JANITORIAL,250.00,  1.00,250.00,  0.00,250.00
2164,2014-10-23,2014-12-01,SERVICE,A/V, 40.00,  3.50,140.00,  0.00,140.00
2163,2014-10-20,2014-12-06,ROOM,BROADWAY,255.00,  5.00,1275.00,  0.00,1275.00
2163,2014-10-20,2014-12-06,SERVICE,SETUP_RESET, 75.00,  2.50,187.50,  0.00,187.50
2163,2014-10-20,2014-12-06,SERVICE,JANITORIAL,350.00,  1.00,350.00,  0.00,350.00
2162,2014-10-16,2014-10-30,ROOM,BROADWAY,225.00,  3.00,675.00,  0.00,675.00
2162,2014-10-16,2014-10-30,SERVICE,SETUP_RESET, 50.00,  2.00,100.00,  0.00,100.00
2162,2014-10-16,2014-10-30,SERVICE,JANITORIAL,400.00,  1.00,400.00,  0.00,400.00
2162,2014-10-16,2014-10-30,SERVICE,A/V, 40.00,  3.50,140.00,  0.00,140.00
2162,2014-10-16,2014-10-30,SERVICE,DRINKS, 12.00,  3.00, 36.00,  0.00, 36.00
2161,2014-10-09,2014-11-19,ROOM,ATRIUM,110.00,  2.00,220.00,  0.00,220.00
2161,2014-10-09,2014-11-19,SERVICE,SETUP_RESET, 50.00,  2.00,100.00,  0.00,100.00
2161,2014-10-09,2014-11-19,SERVICE,JANITORIAL,250.00,  1.00,250.00,  0.00,250.00
2161,2014-10-09,2014-11-19,SERVICE,A/V, 40.00,  2.00, 80.00,  0.00, 80.00
2159,2014-10-01,2014-10-10,ROOM,BROADWAY,295.00,  3.00,885.00,  0.29,628.35
2159,2014-10-01,2014-10-10,SERVICE,SETUP_RESET, 50.00,  2.50,125.00,  0.00,125.00
2159,2014-10-01,2014-10-10,SERVICE,JANITORIAL,250.00,  1.00,250.00,  0.00,250.00
2158,2014-10-01,2014-12-02,ROOM,BROADWAY,295.00,  2.50,737.50,  0.00,737.50
2158,2014-10-01,2014-12-02,SERVICE,SETUP_RESET, 50.00,  2.00,100.00,  0.00,100.00
2158,2014-10-01,2014-12-02,SERVICE,JANITORIAL,250.00,  1.00,250.00,  0.00,250.00
2157,2014-10-01,2014-12-11,ROOM,BROADWAY,295.00,  3.00,885.00,  0.50,442.50
2157,2014-10-01,2014-12-11,SERVICE,SETUP_RESET, 50.00,  2.00,100.00,  0.00,100.00
2157,2014-10-01,2014-12-11,SERVICE,JANITORIAL,  0.00,  1.00,  0.00,  1.00,  0.00
2157,2014-10-01,2014-12-11,SERVICE,A/V, 40.00,  3.00,120.00,  0.00,120.00
2156,2014-10-01,2014-10-16,ROOM,OMI,115.00,  1.00,115.00,  0.00,115.00
2156,2014-10-01,2014-10-16,SERVICE,SETUP_RESET, 50.00,  1.50, 75.00,  0.00, 75.00
2156,2014-10-01,2014-10-16,SERVICE,JANITORIAL, 75.00,  1.00, 75.00,  0.00, 75.00
2155,2014-09-23,2014-11-14,ROOM,BROADWAY,315.00,  4.00,1260.00,  0.00,1260.00
2155,2014-09-23,2014-11-14,SERVICE,SETUP_RESET, 50.00,  2.00,100.00,  0.00,100.00
2155,2014-09-23,2014-11-14,SERVICE,JANITORIAL,300.00,  1.00,300.00,  0.00,300.00
2155,2014-09-23,2014-11-14,SERVICE,A/V, 40.00,  2.00, 80.00,  0.00, 80.00
2154,2014-09-23,2014-11-10,ROOM,BROADWAY,295.00,  2.00,590.00,  0.25,442.50
2154,2014-09-23,2014-11-10,SERVICE,SETUP_RESET, 50.00,  2.00,100.00,  0.00,100.00
2154,2014-09-23,2014-11-10,SERVICE,JANITORIAL,300.00,  1.00,300.00,  0.00,300.00
2153,2014-09-23,2014-11-19,ROOM,BROADWAY,140.00,  2.00,280.00,  0.00,280.00
2153,2014-09-23,2014-11-19,SERVICE,SETUP_RESET, 50.00,  1.00, 50.00,  0.00, 50.00
2152,2014-09-23,2014-09-24,ROOM,BROADWAY,140.00,  2.00,280.00,  0.00,280.00
2152,2014-09-23,2014-09-24,SERVICE,SETUP_RESET, 50.00,  1.00, 50.00,  0.00, 50.00
2151,2014-09-22,2014-10-03,ROOM,BROADWAY,295.00,  2.00,590.00,  0.32,401.20
2151,2014-09-22,2014-10-03,SERVICE,SETUP_RESET, 50.00,  2.00,100.00,  0.00,100.00
2151,2014-09-22,2014-10-03,SERVICE,JANITORIAL,250.00,  1.00,250.00,  0.00,  0.00
2151,2014-09-22,2014-10-03,SERVICE,A/V, 40.00,  2.00, 80.00,  0.00, 80.00
2150,2014-09-02,2014-10-09,ROOM,BROADWAY,295.00,  1.50,442.50,  0.00,442.50
2150,2014-09-02,2014-10-09,SERVICE,SETUP_RESET, 50.00,  2.00,100.00,  0.00,100.00
2150,2014-09-02,2014-10-09,SERVICE,JANITORIAL,250.00,  1.00,250.00,  0.00,250.00
